feature_a,feature_b,correlation_type,correlation_value,same_modality,same_lobe,same_subregion
T1_global_nc_en_ratio,T2_global_nc_en_ratio,pearson,1.0,False,True,True
T2_occipital_nc_ratio,FLAIR_occipital_nc_ratio,spearman,1.0,False,True,True
T2_temporal_nc_ratio,FLAIR_temporal_nc_ratio,spearman,1.0,False,True,True
T2_frontal_ed_ratio,FLAIR_frontal_ed_ratio,spearman,1.0,False,True,True
T2_temporal_en_ratio,FLAIR_temporal_en_ratio,spearman,1.0,False,True,True
T2_frontal_en_ratio,FLAIR_frontal_en_ratio,spearman,1.0,False,True,True
T2_global_nc_en_ratio,T1GD_global_nc_en_ratio,pearson,1.0,False,True,True
T2_global_nc_en_ratio,FLAIR_global_nc_en_ratio,pearson,1.0,False,True,True
T2_global_ed_en_ratio,T1GD_global_ed_en_ratio,pearson,1.0,False,True,True
T2_global_ed_en_ratio,FLAIR_global_ed_en_ratio,pearson,1.0,False,True,True
T2_global_ed_total_ratio,T1GD_global_ed_total_ratio,pearson,1.0,False,True,True
T2_global_ed_total_ratio,FLAIR_global_ed_total_ratio,pearson,1.0,False,True,True
T2_tumor_burden_index,T1GD_tumor_burden_index,pearson,1.0,False,True,True
T2_tumor_burden_index,FLAIR_tumor_burden_index,pearson,1.0,False,True,True
T2_frontal_ed_ratio,FLAIR_frontal_ed_ratio,pearson,1.0,False,True,True
T2_frontal_en_ratio,FLAIR_frontal_en_ratio,pearson,1.0,False,True,True
T2_frontal_nc_ratio,T1GD_frontal_nc_ratio,pearson,1.0,False,True,True
T2_frontal_nc_ratio,FLAIR_frontal_nc_ratio,pearson,1.0,False,True,True
T2_temporal_ed_ratio,FLAIR_temporal_ed_ratio,pearson,1.0,False,True,True
T2_temporal_en_ratio,FLAIR_temporal_en_ratio,pearson,1.0,False,True,True
T2_temporal_nc_ratio,FLAIR_temporal_nc_ratio,pearson,1.0,False,True,True
T2_parietal_ed_ratio,FLAIR_parietal_ed_ratio,pearson,1.0,False,True,True
T2_parietal_en_ratio,FLAIR_parietal_en_ratio,pearson,1.0,False,True,True
T2_parietal_ed_ratio,FLAIR_parietal_ed_ratio,spearman,1.0,False,True,True
T2_tumor_burden_index,FLAIR_tumor_burden_index,spearman,1.0,False,True,True
T2_parietal_en_ratio,FLAIR_parietal_en_ratio,spearman,1.0,False,True,True
T1_global_ed_total_ratio,T2_global_ed_total_ratio,pearson,1.0,False,True,True
T2_occipital_nc_ratio,T1GD_occipital_nc_ratio,spearman,1.0,False,True,True
T1GD_occipital_nc_ratio,FLAIR_occipital_nc_ratio,pearson,1.0,False,True,True
T2_global_nc_en_ratio,T1GD_global_nc_en_ratio,spearman,1.0,False,True,True
T1_global_nc_en_ratio,T2_global_nc_en_ratio,pearson,1.0,False,True,True
T1_global_nc_en_ratio,T1GD_global_nc_en_ratio,pearson,1.0,False,True,True
T1_global_nc_en_ratio,FLAIR_global_nc_en_ratio,pearson,1.0,False,True,True
T1_global_ed_en_ratio,T2_global_ed_en_ratio,pearson,1.0,False,True,True
T1_global_ed_en_ratio,T1GD_global_ed_en_ratio,pearson,1.0,False,True,True
T1_global_ed_en_ratio,FLAIR_global_ed_en_ratio,pearson,1.0,False,True,True
T1_global_ed_total_ratio,T1GD_global_ed_total_ratio,pearson,1.0,False,True,True
T2_global_ed_total_ratio,FLAIR_global_ed_total_ratio,spearman,1.0,False,True,True
T1_global_ed_total_ratio,FLAIR_global_ed_total_ratio,pearson,1.0,False,True,True
T1_global_nc_en_ratio,T1GD_global_nc_en_ratio,pearson,1.0,False,True,True
T2_occipital_en_ratio,FLAIR_occipital_en_ratio,spearman,1.0,False,True,True
T2_global_ed_en_ratio,T1GD_global_ed_en_ratio,spearman,1.0,False,True,True
T2_occipital_en_ratio,T1GD_occipital_en_ratio,spearman,1.0,False,True,True
T2_global_ed_en_ratio,FLAIR_global_ed_en_ratio,spearman,1.0,False,True,True
T2_occipital_ed_ratio,FLAIR_occipital_ed_ratio,spearman,1.0,False,True,True
T2_parietal_nc_ratio,FLAIR_parietal_nc_ratio,spearman,1.0,False,True,True
T2_global_ed_total_ratio,T1GD_global_ed_total_ratio,spearman,1.0,False,True,True
T2_parietal_nc_ratio,FLAIR_parietal_nc_ratio,pearson,1.0,False,True,True
T2_occipital_ed_ratio,FLAIR_occipital_ed_ratio,pearson,1.0,False,True,True
T2_occipital_en_ratio,T1GD_occipital_en_ratio,pearson,1.0,False,True,True
T2_occipital_nc_ratio,T1GD_occipital_nc_ratio,spearman,1.0,False,True,True
T1GD_global_ed_total_ratio,FLAIR_global_ed_total_ratio,spearman,1.0,False,True,True
T2_frontal_ed_ratio,FLAIR_frontal_ed_ratio,spearman,1.0,False,True,True
T2_tumor_burden_index,FLAIR_tumor_burden_index,spearman,1.0,False,True,True
T1GD_global_ed_en_ratio,FLAIR_global_ed_en_ratio,spearman,1.0,False,True,True
T2_global_ed_total_ratio,FLAIR_global_ed_total_ratio,spearman,1.0,False,True,True
T1GD_global_nc_en_ratio,FLAIR_global_nc_en_ratio,spearman,1.0,False,True,True
T2_global_ed_total_ratio,T1GD_global_ed_total_ratio,spearman,1.0,False,True,True
T2_occipital_nc_ratio,FLAIR_occipital_nc_ratio,spearman,1.0,False,True,True
T2_global_ed_en_ratio,FLAIR_global_ed_en_ratio,spearman,1.0,False,True,True
T2_occipital_en_ratio,FLAIR_occipital_en_ratio,spearman,1.0,False,True,True
T2_frontal_en_ratio,FLAIR_frontal_en_ratio,spearman,1.0,False,True,True
T2_global_ed_en_ratio,T1GD_global_ed_en_ratio,spearman,1.0,False,True,True
T2_occipital_en_ratio,T1GD_occipital_en_ratio,spearman,1.0,False,True,True
T2_global_nc_en_ratio,FLAIR_global_nc_en_ratio,spearman,1.0,False,True,True
T2_occipital_ed_ratio,FLAIR_occipital_ed_ratio,spearman,1.0,False,True,True
T2_global_nc_en_ratio,T1GD_global_nc_en_ratio,spearman,1.0,False,True,True
T2_temporal_nc_ratio,FLAIR_temporal_nc_ratio,spearman,1.0,False,True,True
T2_parietal_ed_ratio,FLAIR_parietal_ed_ratio,spearman,1.0,False,True,True
T2_parietal_en_ratio,FLAIR_parietal_en_ratio,spearman,1.0,False,True,True
T2_parietal_nc_ratio,FLAIR_parietal_nc_ratio,spearman,1.0,False,True,True
T2_temporal_en_ratio,FLAIR_temporal_en_ratio,spearman,1.0,False,True,True
T2_temporal_ed_ratio,FLAIR_temporal_ed_ratio,spearman,1.0,False,True,True
T2_occipital_en_ratio,FLAIR_occipital_en_ratio,pearson,1.0,False,True,True
T1GD_occipital_nc_ratio,FLAIR_occipital_nc_ratio,pearson,1.0,False,True,True
T2_occipital_nc_ratio,T1GD_occipital_nc_ratio,pearson,1.0,False,True,True
T2_occipital_nc_ratio,FLAIR_occipital_nc_ratio,pearson,1.0,False,True,True
T1GD_global_nc_en_ratio,FLAIR_global_nc_en_ratio,pearson,1.0,False,True,True
T1GD_global_ed_en_ratio,FLAIR_global_ed_en_ratio,pearson,1.0,False,True,True
T1GD_global_ed_total_ratio,FLAIR_global_ed_total_ratio,pearson,1.0,False,True,True
T1GD_tumor_burden_index,FLAIR_tumor_burden_index,pearson,1.0,False,True,True
T1GD_frontal_nc_ratio,FLAIR_frontal_nc_ratio,pearson,1.0,False,True,True
T2_temporal_ed_ratio,FLAIR_temporal_ed_ratio,spearman,1.0,False,True,True
T1GD_occipital_en_ratio,FLAIR_occipital_en_ratio,pearson,1.0,False,True,True
T1_global_nc_en_ratio,T2_global_nc_en_ratio,spearman,1.0,False,True,True
T2_frontal_nc_ratio,FLAIR_frontal_nc_ratio,spearman,1.0,False,True,True
T1_global_nc_en_ratio,T1GD_global_nc_en_ratio,spearman,1.0,False,True,True
T1_global_nc_en_ratio,FLAIR_global_nc_en_ratio,spearman,1.0,False,True,True
T1_global_ed_en_ratio,T2_global_ed_en_ratio,spearman,1.0,False,True,True
T1_global_ed_en_ratio,T1GD_global_ed_en_ratio,spearman,1.0,False,True,True
T1_global_ed_en_ratio,FLAIR_global_ed_en_ratio,spearman,1.0,False,True,True
T1_global_ed_total_ratio,T2_global_ed_total_ratio,spearman,1.0,False,True,True
T1_global_ed_total_ratio,T1GD_global_ed_total_ratio,spearman,1.0,False,True,True
T1_global_ed_total_ratio,FLAIR_global_ed_total_ratio,spearman,1.0,False,True,True
T2_frontal_nc_ratio,FLAIR_frontal_nc_ratio,spearman,1.0,False,True,True
T1GD_occipital_en_ratio,FLAIR_occipital_en_ratio,pearson,1.0,False,True,True
T2_global_nc_en_ratio,FLAIR_global_nc_en_ratio,spearman,1.0,False,True,True
T2_global_ed_en_ratio,FLAIR_global_ed_en_ratio,pearson,1.0,False,True,True
T2_global_ed_en_ratio,T1GD_global_ed_en_ratio,pearson,1.0,False,True,True
T2_temporal_ed_ratio,FLAIR_temporal_ed_ratio,pearson,1.0,False,True,True
T1GD_occipital_en_ratio,FLAIR_occipital_en_ratio,spearman,1.0,False,True,True
T1GD_global_ed_en_ratio,FLAIR_global_ed_en_ratio,spearman,1.0,False,True,True
T2_occipital_en_ratio,FLAIR_occipital_en_ratio,pearson,1.0,False,True,True
T1GD_occipital_en_ratio,FLAIR_occipital_en_ratio,spearman,1.0,False,True,True
T2_occipital_en_ratio,T1GD_occipital_en_ratio,pearson,1.0,False,True,True
T1GD_occipital_nc_ratio,FLAIR_occipital_nc_ratio,spearman,1.0,False,True,True
T2_occipital_ed_ratio,FLAIR_occipital_ed_ratio,pearson,1.0,False,True,True
T2_global_nc_en_ratio,T1GD_global_nc_en_ratio,pearson,1.0,False,True,True
T2_global_nc_en_ratio,FLAIR_global_nc_en_ratio,pearson,1.0,False,True,True
T2_parietal_nc_ratio,FLAIR_parietal_nc_ratio,pearson,1.0,False,True,True
T2_global_ed_total_ratio,T1GD_global_ed_total_ratio,pearson,1.0,False,True,True
T1_global_nc_en_ratio,T2_global_nc_en_ratio,spearman,1.0,False,True,True
T2_global_ed_total_ratio,FLAIR_global_ed_total_ratio,pearson,1.0,False,True,True
T2_tumor_burden_index,T1GD_tumor_burden_index,pearson,1.0,False,True,True
T2_tumor_burden_index,FLAIR_tumor_burden_index,pearson,1.0,False,True,True
T2_parietal_en_ratio,FLAIR_parietal_en_ratio,pearson,1.0,False,True,True
T1GD_global_ed_total_ratio,FLAIR_global_ed_total_ratio,spearman,1.0,False,True,True
T2_frontal_ed_ratio,FLAIR_frontal_ed_ratio,pearson,1.0,False,True,True
T2_parietal_ed_ratio,FLAIR_parietal_ed_ratio,pearson,1.0,False,True,True
T2_frontal_en_ratio,FLAIR_frontal_en_ratio,pearson,1.0,False,True,True
T2_temporal_nc_ratio,FLAIR_temporal_nc_ratio,pearson,1.0,False,True,True
T2_frontal_nc_ratio,T1GD_frontal_nc_ratio,pearson,1.0,False,True,True
T2_temporal_en_ratio,FLAIR_temporal_en_ratio,pearson,1.0,False,True,True
T1GD_occipital_nc_ratio,FLAIR_occipital_nc_ratio,spearman,1.0,False,True,True
T2_occipital_nc_ratio,T1GD_occipital_nc_ratio,pearson,1.0,False,True,True
T1_global_nc_en_ratio,T1GD_global_nc_en_ratio,spearman,1.0,False,True,True
T2_occipital_nc_ratio,FLAIR_occipital_nc_ratio,pearson,1.0,False,True,True
T1_global_nc_en_ratio,FLAIR_global_nc_en_ratio,pearson,1.0,False,True,True
T1_global_ed_en_ratio,T2_global_ed_en_ratio,pearson,1.0,False,True,True
T1_global_ed_en_ratio,T1GD_global_ed_en_ratio,pearson,1.0,False,True,True
T1_global_ed_en_ratio,FLAIR_global_ed_en_ratio,pearson,1.0,False,True,True
T1_global_ed_total_ratio,T2_global_ed_total_ratio,pearson,1.0,False,True,True
T1_global_ed_total_ratio,T1GD_global_ed_total_ratio,pearson,1.0,False,True,True
T1GD_frontal_nc_ratio,FLAIR_frontal_nc_ratio,pearson,1.0,False,True,True
T1_global_ed_total_ratio,FLAIR_global_ed_total_ratio,pearson,1.0,False,True,True
T1GD_tumor_burden_index,FLAIR_tumor_burden_index,pearson,1.0,False,True,True
T1GD_global_ed_total_ratio,FLAIR_global_ed_total_ratio,pearson,1.0,False,True,True
T1GD_global_ed_en_ratio,FLAIR_global_ed_en_ratio,pearson,1.0,False,True,True
T1_global_nc_en_ratio,FLAIR_global_nc_en_ratio,spearman,1.0,False,True,True
T1GD_global_nc_en_ratio,FLAIR_global_nc_en_ratio,pearson,1.0,False,True,True
T1GD_global_nc_en_ratio,FLAIR_global_nc_en_ratio,spearman,1.0,False,True,True
T1_global_ed_total_ratio,FLAIR_global_ed_total_ratio,spearman,1.0,False,True,True
T1_global_ed_total_ratio,T1GD_global_ed_total_ratio,spearman,1.0,False,True,True
T1_global_ed_total_ratio,T2_global_ed_total_ratio,spearman,1.0,False,True,True
T1_global_ed_en_ratio,FLAIR_global_ed_en_ratio,spearman,1.0,False,True,True
T1_global_ed_en_ratio,T1GD_global_ed_en_ratio,spearman,1.0,False,True,True
T1_global_ed_en_ratio,T2_global_ed_en_ratio,spearman,1.0,False,True,True
T2_frontal_nc_ratio,FLAIR_frontal_nc_ratio,pearson,1.0,False,True,True
T1GD_frontal_ed_ratio,FLAIR_frontal_ed_ratio,pearson,0.999999,False,True,True
T1GD_frontal_ed_ratio,FLAIR_frontal_ed_ratio,pearson,0.999999,False,True,True
T2_frontal_ed_ratio,T1GD_frontal_ed_ratio,pearson,0.999999,False,True,True
T2_frontal_ed_ratio,T1GD_frontal_ed_ratio,pearson,0.999999,False,True,True
T2_tumor_burden_index,T1GD_tumor_burden_index,spearman,0.999998,False,True,True
T1GD_tumor_burden_index,FLAIR_tumor_burden_index,spearman,0.999998,False,True,True
T1GD_parietal_nc_ratio,FLAIR_parietal_nc_ratio,spearman,0.999998,False,True,True
T1GD_tumor_burden_index,FLAIR_tumor_burden_index,spearman,0.999998,False,True,True
T2_parietal_nc_ratio,T1GD_parietal_nc_ratio,spearman,0.999998,False,True,True
T2_tumor_burden_index,T1GD_tumor_burden_index,spearman,0.999998,False,True,True
T2_parietal_nc_ratio,T1GD_parietal_nc_ratio,spearman,0.999998,False,True,True
T1GD_parietal_nc_ratio,FLAIR_parietal_nc_ratio,spearman,0.999998,False,True,True
T1GD_frontal_en_ratio,FLAIR_frontal_en_ratio,pearson,0.999991,False,True,True
T2_frontal_en_ratio,T1GD_frontal_en_ratio,pearson,0.999991,False,True,True
T2_frontal_en_ratio,T1GD_frontal_en_ratio,pearson,0.999991,False,True,True
T1GD_frontal_en_ratio,FLAIR_frontal_en_ratio,pearson,0.999991,False,True,True
T2_frontal_ed_ratio,T1GD_frontal_ed_ratio,spearman,0.999977,False,True,True
T1GD_frontal_ed_ratio,FLAIR_frontal_ed_ratio,spearman,0.999977,False,True,True
T2_frontal_ed_ratio,T1GD_frontal_ed_ratio,spearman,0.999977,False,True,True
T1GD_frontal_ed_ratio,FLAIR_frontal_ed_ratio,spearman,0.999977,False,True,True
T2_parietal_en_ratio,T1GD_parietal_en_ratio,spearman,0.999968,False,True,True
T1GD_parietal_en_ratio,FLAIR_parietal_en_ratio,spearman,0.999968,False,True,True
T2_parietal_en_ratio,T1GD_parietal_en_ratio,spearman,0.999968,False,True,True
T1GD_parietal_en_ratio,FLAIR_parietal_en_ratio,spearman,0.999968,False,True,True
T1GD_occipital_ed_ratio,FLAIR_occipital_ed_ratio,pearson,0.999958,False,True,True
T1GD_occipital_ed_ratio,FLAIR_occipital_ed_ratio,pearson,0.999958,False,True,True
T2_occipital_ed_ratio,T1GD_occipital_ed_ratio,pearson,0.999958,False,True,True
T2_occipital_ed_ratio,T1GD_occipital_ed_ratio,pearson,0.999958,False,True,True
T2_parietal_ed_ratio,T1GD_parietal_ed_ratio,spearman,0.999956,False,True,True
T1GD_parietal_ed_ratio,FLAIR_parietal_ed_ratio,spearman,0.999956,False,True,True
T2_parietal_ed_ratio,T1GD_parietal_ed_ratio,spearman,0.999956,False,True,True
T1GD_parietal_ed_ratio,FLAIR_parietal_ed_ratio,spearman,0.999956,False,True,True
T1GD_temporal_ed_ratio,FLAIR_temporal_ed_ratio,pearson,0.999954,False,True,True
T2_temporal_ed_ratio,T1GD_temporal_ed_ratio,pearson,0.999954,False,True,True
T1GD_temporal_ed_ratio,FLAIR_temporal_ed_ratio,pearson,0.999954,False,True,True
T2_temporal_ed_ratio,T1GD_temporal_ed_ratio,pearson,0.999954,False,True,True
T1GD_parietal_ed_ratio,FLAIR_parietal_ed_ratio,pearson,0.999933,False,True,True
T2_parietal_ed_ratio,T1GD_parietal_ed_ratio,pearson,0.999933,False,True,True
T1GD_parietal_ed_ratio,FLAIR_parietal_ed_ratio,pearson,0.999933,False,True,True
T2_parietal_ed_ratio,T1GD_parietal_ed_ratio,pearson,0.999933,False,True,True
T1GD_frontal_nc_ratio,FLAIR_frontal_nc_ratio,spearman,0.999914,False,True,True
T1GD_frontal_nc_ratio,FLAIR_frontal_nc_ratio,spearman,0.999914,False,True,True
T2_frontal_nc_ratio,T1GD_frontal_nc_ratio,spearman,0.999914,False,True,True
T2_frontal_nc_ratio,T1GD_frontal_nc_ratio,spearman,0.999914,False,True,True
T1GD_temporal_nc_ratio,FLAIR_temporal_nc_ratio,pearson,0.999905,False,True,True
T2_temporal_nc_ratio,T1GD_temporal_nc_ratio,pearson,0.999905,False,True,True
T1GD_temporal_nc_ratio,FLAIR_temporal_nc_ratio,pearson,0.999905,False,True,True
T2_temporal_nc_ratio,T1GD_temporal_nc_ratio,pearson,0.999905,False,True,True
T2_frontal_en_ratio,T1GD_frontal_en_ratio,spearman,0.99989,False,True,True
T2_frontal_en_ratio,T1GD_frontal_en_ratio,spearman,0.99989,False,True,True
T1GD_frontal_en_ratio,FLAIR_frontal_en_ratio,spearman,0.99989,False,True,True
T1GD_frontal_en_ratio,FLAIR_frontal_en_ratio,spearman,0.99989,False,True,True
T1_frontal_nc_ratio,FLAIR_frontal_nc_ratio,pearson,0.999865,False,True,True
T1_frontal_nc_ratio,FLAIR_frontal_nc_ratio,pearson,0.999865,False,True,True
T1_frontal_nc_ratio,T2_frontal_nc_ratio,pearson,0.999865,False,True,True
T1_frontal_nc_ratio,T2_frontal_nc_ratio,pearson,0.999865,False,True,True
T1_frontal_nc_ratio,T1GD_frontal_nc_ratio,pearson,0.999864,False,True,True
T1_frontal_nc_ratio,T1GD_frontal_nc_ratio,pearson,0.999864,False,True,True
T1_tumor_burden_index,T1GD_tumor_burden_index,pearson,0.999808,False,True,True
T1_tumor_burden_index,FLAIR_tumor_burden_index,pearson,0.999808,False,True,True
T1_tumor_burden_index,T2_tumor_burden_index,pearson,0.999808,False,True,True
T1_tumor_burden_index,T1GD_tumor_burden_index,pearson,0.999808,False,True,True
T1_tumor_burden_index,T2_tumor_burden_index,pearson,0.999808,False,True,True
T1_tumor_burden_index,FLAIR_tumor_burden_index,pearson,0.999808,False,True,True
T1_tumor_burden_index,T2_tumor_burden_index,spearman,0.999801,False,True,True
T1_tumor_burden_index,FLAIR_tumor_burden_index,spearman,0.999801,False,True,True
T1_tumor_burden_index,FLAIR_tumor_burden_index,spearman,0.999801,False,True,True
T1_tumor_burden_index,T2_tumor_burden_index,spearman,0.999801,False,True,True
T1_tumor_burden_index,T1GD_tumor_burden_index,spearman,0.999799,False,True,True
T1_tumor_burden_index,T1GD_tumor_burden_index,spearman,0.999799,False,True,True
T1_frontal_ed_ratio,T2_frontal_ed_ratio,pearson,0.999746,False,True,True
T1_frontal_ed_ratio,FLAIR_frontal_ed_ratio,pearson,0.999746,False,True,True
T1_frontal_ed_ratio,FLAIR_frontal_ed_ratio,pearson,0.999746,False,True,True
T1_frontal_ed_ratio,T2_frontal_ed_ratio,pearson,0.999746,False,True,True
T1_frontal_ed_ratio,T1GD_frontal_ed_ratio,pearson,0.999745,False,True,True
T1_frontal_ed_ratio,T1GD_frontal_ed_ratio,pearson,0.999745,False,True,True
T1_frontal_en_ratio,T2_frontal_en_ratio,pearson,0.99972,False,True,True
T1_frontal_en_ratio,FLAIR_frontal_en_ratio,pearson,0.99972,False,True,True
T1_frontal_en_ratio,T2_frontal_en_ratio,pearson,0.99972,False,True,True
T1_frontal_en_ratio,FLAIR_frontal_en_ratio,pearson,0.99972,False,True,True
T1_frontal_en_ratio,T1GD_frontal_en_ratio,pearson,0.999715,False,True,True
T1_frontal_en_ratio,T1GD_frontal_en_ratio,pearson,0.999715,False,True,True
T1GD_parietal_nc_ratio,FLAIR_parietal_nc_ratio,pearson,0.999677,False,True,True
T2_parietal_nc_ratio,T1GD_parietal_nc_ratio,pearson,0.999677,False,True,True
T2_parietal_nc_ratio,T1GD_parietal_nc_ratio,pearson,0.999677,False,True,True
T1GD_parietal_nc_ratio,FLAIR_parietal_nc_ratio,pearson,0.999677,False,True,True
T1GD_temporal_en_ratio,FLAIR_temporal_en_ratio,pearson,0.999662,False,True,True
T2_temporal_en_ratio,T1GD_temporal_en_ratio,pearson,0.999662,False,True,True
T2_temporal_en_ratio,T1GD_temporal_en_ratio,pearson,0.999662,False,True,True
T1GD_temporal_en_ratio,FLAIR_temporal_en_ratio,pearson,0.999662,False,True,True
T1GD_temporal_ed_ratio,FLAIR_temporal_ed_ratio,spearman,0.999542,False,True,True
T2_temporal_ed_ratio,T1GD_temporal_ed_ratio,spearman,0.999542,False,True,True
T2_temporal_ed_ratio,T1GD_temporal_ed_ratio,spearman,0.999542,False,True,True
T1GD_temporal_ed_ratio,FLAIR_temporal_ed_ratio,spearman,0.999542,False,True,True
T1_parietal_ed_ratio,FLAIR_parietal_ed_ratio,pearson,0.999377,False,True,True
T1_parietal_ed_ratio,T2_parietal_ed_ratio,pearson,0.999377,False,True,True
T1_parietal_ed_ratio,T2_parietal_ed_ratio,pearson,0.999377,False,True,True
T1_parietal_ed_ratio,FLAIR_parietal_ed_ratio,pearson,0.999377,False,True,True
T1_parietal_nc_ratio,FLAIR_parietal_nc_ratio,pearson,0.999336,False,True,True
T1_parietal_nc_ratio,T2_parietal_nc_ratio,pearson,0.999336,False,True,True
T1_parietal_nc_ratio,T2_parietal_nc_ratio,pearson,0.999336,False,True,True
T1_parietal_nc_ratio,FLAIR_parietal_nc_ratio,pearson,0.999336,False,True,True
T1_parietal_ed_ratio,T1GD_parietal_ed_ratio,pearson,0.99931,False,True,True
T1_parietal_ed_ratio,T1GD_parietal_ed_ratio,pearson,0.99931,False,True,True
T1GD_parietal_en_ratio,FLAIR_parietal_en_ratio,pearson,0.999193,False,True,True
T2_parietal_en_ratio,T1GD_parietal_en_ratio,pearson,0.999193,False,True,True
T1GD_parietal_en_ratio,FLAIR_parietal_en_ratio,pearson,0.999193,False,True,True
T2_parietal_en_ratio,T1GD_parietal_en_ratio,pearson,0.999193,False,True,True
T1_temporal_nc_ratio,FLAIR_temporal_nc_ratio,pearson,0.999182,False,True,True
T1_temporal_nc_ratio,FLAIR_temporal_nc_ratio,pearson,0.999182,False,True,True
T1_temporal_nc_ratio,T2_temporal_nc_ratio,pearson,0.999182,False,True,True
T1_temporal_nc_ratio,T2_temporal_nc_ratio,pearson,0.999182,False,True,True
T1_frontal_ed_ratio,T1GD_frontal_ed_ratio,spearman,0.999154,False,True,True
T1_frontal_ed_ratio,T1GD_frontal_ed_ratio,spearman,0.999154,False,True,True
T1_frontal_ed_ratio,T2_frontal_ed_ratio,spearman,0.999152,False,True,True
T1_frontal_ed_ratio,FLAIR_frontal_ed_ratio,spearman,0.999152,False,True,True
T1_frontal_ed_ratio,T2_frontal_ed_ratio,spearman,0.999152,False,True,True
T1_frontal_ed_ratio,FLAIR_frontal_ed_ratio,spearman,0.999152,False,True,True
T1_temporal_nc_ratio,T1GD_temporal_nc_ratio,pearson,0.999091,False,True,True
T1_temporal_nc_ratio,T1GD_temporal_nc_ratio,pearson,0.999091,False,True,True
T1_temporal_ed_ratio,T2_temporal_ed_ratio,pearson,0.999081,False,True,True
T1_temporal_ed_ratio,FLAIR_temporal_ed_ratio,pearson,0.999081,False,True,True
T1_temporal_ed_ratio,FLAIR_temporal_ed_ratio,pearson,0.999081,False,True,True
T1_temporal_ed_ratio,T2_temporal_ed_ratio,pearson,0.999081,False,True,True
T1_temporal_ed_ratio,T1GD_temporal_ed_ratio,pearson,0.999039,False,True,True
T1_temporal_ed_ratio,T1GD_temporal_ed_ratio,pearson,0.999039,False,True,True
T1_temporal_en_ratio,T2_temporal_en_ratio,pearson,0.999038,False,True,True
T1_temporal_en_ratio,FLAIR_temporal_en_ratio,pearson,0.999038,False,True,True
T1_temporal_en_ratio,T2_temporal_en_ratio,pearson,0.999038,False,True,True
T1_temporal_en_ratio,FLAIR_temporal_en_ratio,pearson,0.999038,False,True,True
T1_occipital_en_ratio,T2_occipital_en_ratio,pearson,0.999037,False,True,True
T1_occipital_en_ratio,T2_occipital_en_ratio,pearson,0.999037,False,True,True
T1_occipital_en_ratio,T1GD_occipital_en_ratio,pearson,0.999037,False,True,True
T1_occipital_en_ratio,FLAIR_occipital_en_ratio,pearson,0.999037,False,True,True
T1_occipital_en_ratio,FLAIR_occipital_en_ratio,pearson,0.999037,False,True,True
T1_occipital_en_ratio,T1GD_occipital_en_ratio,pearson,0.999037,False,True,True
T1_parietal_nc_ratio,T1GD_parietal_nc_ratio,pearson,0.99901,False,True,True
T1_parietal_nc_ratio,T1GD_parietal_nc_ratio,pearson,0.99901,False,True,True
T1_parietal_en_ratio,T2_parietal_en_ratio,pearson,0.998999,False,True,True
T1_parietal_en_ratio,FLAIR_parietal_en_ratio,pearson,0.998999,False,True,True
T1_parietal_en_ratio,T2_parietal_en_ratio,pearson,0.998999,False,True,True
T1_parietal_en_ratio,FLAIR_parietal_en_ratio,pearson,0.998999,False,True,True
T2_temporal_en_ratio,T1GD_temporal_en_ratio,spearman,0.998954,False,True,True
T1GD_temporal_en_ratio,FLAIR_temporal_en_ratio,spearman,0.998954,False,True,True
T2_temporal_en_ratio,T1GD_temporal_en_ratio,spearman,0.998954,False,True,True
T1GD_temporal_en_ratio,FLAIR_temporal_en_ratio,spearman,0.998954,False,True,True
T1_occipital_nc_ratio,FLAIR_occipital_nc_ratio,pearson,0.998951,False,True,True
T1_occipital_nc_ratio,T1GD_occipital_nc_ratio,pearson,0.998951,False,True,True
T1_occipital_nc_ratio,T2_occipital_nc_ratio,pearson,0.998951,False,True,True
T1_occipital_nc_ratio,T2_occipital_nc_ratio,pearson,0.998951,False,True,True
T1_occipital_nc_ratio,FLAIR_occipital_nc_ratio,pearson,0.998951,False,True,True
T1_occipital_nc_ratio,T1GD_occipital_nc_ratio,pearson,0.998951,False,True,True
T1_temporal_ed_ratio,T2_temporal_ed_ratio,spearman,0.998923,False,True,True
T1_temporal_ed_ratio,T2_temporal_ed_ratio,spearman,0.998923,False,True,True
T1_temporal_ed_ratio,FLAIR_temporal_ed_ratio,spearman,0.998923,False,True,True
T1_temporal_ed_ratio,FLAIR_temporal_ed_ratio,spearman,0.998923,False,True,True
T1_occipital_ed_ratio,FLAIR_occipital_ed_ratio,pearson,0.998785,False,True,True
T1_occipital_ed_ratio,T2_occipital_ed_ratio,pearson,0.998785,False,True,True
T1_occipital_ed_ratio,FLAIR_occipital_ed_ratio,pearson,0.998785,False,True,True
T1_occipital_ed_ratio,T2_occipital_ed_ratio,pearson,0.998785,False,True,True
T1_occipital_ed_ratio,T1GD_occipital_ed_ratio,pearson,0.998756,False,True,True
T1_occipital_ed_ratio,T1GD_occipital_ed_ratio,pearson,0.998756,False,True,True
T1_temporal_en_ratio,T1GD_temporal_en_ratio,pearson,0.998705,False,True,True
T1_temporal_en_ratio,T1GD_temporal_en_ratio,pearson,0.998705,False,True,True
T1_temporal_ed_ratio,T1GD_temporal_ed_ratio,spearman,0.998463,False,True,True
T1_temporal_ed_ratio,T1GD_temporal_ed_ratio,spearman,0.998463,False,True,True
T1_frontal_nc_ratio,FLAIR_frontal_nc_ratio,spearman,0.998372,False,True,True
T1_frontal_nc_ratio,T2_frontal_nc_ratio,spearman,0.998372,False,True,True
T1_frontal_nc_ratio,T2_frontal_nc_ratio,spearman,0.998372,False,True,True
T1_frontal_nc_ratio,FLAIR_frontal_nc_ratio,spearman,0.998372,False,True,True
T1_frontal_en_ratio,FLAIR_frontal_en_ratio,spearman,0.998296,False,True,True
T1_frontal_en_ratio,T2_frontal_en_ratio,spearman,0.998296,False,True,True
T1_frontal_en_ratio,FLAIR_frontal_en_ratio,spearman,0.998296,False,True,True
T1_frontal_en_ratio,T2_frontal_en_ratio,spearman,0.998296,False,True,True
T1_frontal_nc_ratio,T1GD_frontal_nc_ratio,spearman,0.998285,False,True,True
T1_frontal_nc_ratio,T1GD_frontal_nc_ratio,spearman,0.998285,False,True,True
T1_parietal_en_ratio,T1GD_parietal_en_ratio,pearson,0.998235,False,True,True
T1_parietal_en_ratio,T1GD_parietal_en_ratio,pearson,0.998235,False,True,True
T1_frontal_en_ratio,T1GD_frontal_en_ratio,spearman,0.998225,False,True,True
T1_frontal_en_ratio,T1GD_frontal_en_ratio,spearman,0.998225,False,True,True
T2_occipital_ed_ratio,T1GD_occipital_ed_ratio,spearman,0.997437,False,True,True
T2_occipital_ed_ratio,T1GD_occipital_ed_ratio,spearman,0.997437,False,True,True
T1GD_occipital_ed_ratio,FLAIR_occipital_ed_ratio,spearman,0.997437,False,True,True
T1GD_occipital_ed_ratio,FLAIR_occipital_ed_ratio,spearman,0.997437,False,True,True
T1GD_temporal_nc_ratio,FLAIR_temporal_nc_ratio,spearman,0.99715,False,True,True
T1GD_temporal_nc_ratio,FLAIR_temporal_nc_ratio,spearman,0.99715,False,True,True
T2_temporal_nc_ratio,T1GD_temporal_nc_ratio,spearman,0.99715,False,True,True
T2_temporal_nc_ratio,T1GD_temporal_nc_ratio,spearman,0.99715,False,True,True
T1_temporal_en_ratio,FLAIR_temporal_en_ratio,spearman,0.997113,False,True,True
T1_temporal_en_ratio,FLAIR_temporal_en_ratio,spearman,0.997113,False,True,True
T1_temporal_en_ratio,T2_temporal_en_ratio,spearman,0.997113,False,True,True
T1_temporal_en_ratio,T2_temporal_en_ratio,spearman,0.997113,False,True,True
T1_temporal_nc_ratio,FLAIR_temporal_nc_ratio,spearman,0.996298,False,True,True
T1_temporal_nc_ratio,T2_temporal_nc_ratio,spearman,0.996298,False,True,True
T1_temporal_nc_ratio,FLAIR_temporal_nc_ratio,spearman,0.996298,False,True,True
T1_temporal_nc_ratio,T2_temporal_nc_ratio,spearman,0.996298,False,True,True
T1_parietal_ed_ratio,T2_parietal_ed_ratio,spearman,0.996236,False,True,True
T1_parietal_ed_ratio,FLAIR_parietal_ed_ratio,spearman,0.996236,False,True,True
T1_parietal_ed_ratio,FLAIR_parietal_ed_ratio,spearman,0.996236,False,True,True
T1_parietal_ed_ratio,T2_parietal_ed_ratio,spearman,0.996236,False,True,True
T1_parietal_ed_ratio,T1GD_parietal_ed_ratio,spearman,0.996195,False,True,True
T1_parietal_ed_ratio,T1GD_parietal_ed_ratio,spearman,0.996195,False,True,True
T1_temporal_en_ratio,T1GD_temporal_en_ratio,spearman,0.996097,False,True,True
T1_temporal_en_ratio,T1GD_temporal_en_ratio,spearman,0.996097,False,True,True
T1_parietal_en_ratio,FLAIR_parietal_en_ratio,spearman,0.994155,False,True,True
T1_parietal_en_ratio,T2_parietal_en_ratio,spearman,0.994155,False,True,True
T1_parietal_en_ratio,T2_parietal_en_ratio,spearman,0.994155,False,True,True
T1_parietal_en_ratio,FLAIR_parietal_en_ratio,spearman,0.994155,False,True,True
T1_parietal_en_ratio,T1GD_parietal_en_ratio,spearman,0.994125,False,True,True
T1_parietal_en_ratio,T1GD_parietal_en_ratio,spearman,0.994125,False,True,True
T1_temporal_nc_ratio,T1GD_temporal_nc_ratio,spearman,0.993332,False,True,True
T1_temporal_nc_ratio,T1GD_temporal_nc_ratio,spearman,0.993332,False,True,True
T1_occipital_ed_ratio,T2_occipital_ed_ratio,spearman,0.990939,False,True,True
T1_occipital_ed_ratio,T2_occipital_ed_ratio,spearman,0.990939,False,True,True
T1_occipital_ed_ratio,FLAIR_occipital_ed_ratio,spearman,0.990939,False,True,True
T1_occipital_ed_ratio,FLAIR_occipital_ed_ratio,spearman,0.990939,False,True,True
T1_occipital_ed_ratio,T1GD_occipital_ed_ratio,spearman,0.988354,False,True,True
T1_occipital_ed_ratio,T1GD_occipital_ed_ratio,spearman,0.988354,False,True,True
T1_parietal_nc_ratio,T2_parietal_nc_ratio,spearman,0.988063,False,True,True
T1_parietal_nc_ratio,T2_parietal_nc_ratio,spearman,0.988063,False,True,True
T1_parietal_nc_ratio,FLAIR_parietal_nc_ratio,spearman,0.988063,False,True,True
T1_parietal_nc_ratio,FLAIR_parietal_nc_ratio,spearman,0.988063,False,True,True
T1_parietal_nc_ratio,T1GD_parietal_nc_ratio,spearman,0.988061,False,True,True
T1_parietal_nc_ratio,T1GD_parietal_nc_ratio,spearman,0.988061,False,True,True
T1_occipital_nc_ratio,T2_occipital_nc_ratio,spearman,0.980559,False,True,True
T1_occipital_nc_ratio,T1GD_occipital_nc_ratio,spearman,0.980559,False,True,True
T1_occipital_nc_ratio,FLAIR_occipital_nc_ratio,spearman,0.980559,False,True,True
T1_occipital_nc_ratio,FLAIR_occipital_nc_ratio,spearman,0.980559,False,True,True
T1_occipital_nc_ratio,T1GD_occipital_nc_ratio,spearman,0.980559,False,True,True
T1_occipital_nc_ratio,T2_occipital_nc_ratio,spearman,0.980559,False,True,True
T1_occipital_en_ratio,FLAIR_occipital_en_ratio,spearman,0.974845,False,True,True
T1_occipital_en_ratio,FLAIR_occipital_en_ratio,spearman,0.974845,False,True,True
T1_occipital_en_ratio,T2_occipital_en_ratio,spearman,0.974845,False,True,True
T1_occipital_en_ratio,T1GD_occipital_en_ratio,spearman,0.974845,False,True,True
T1_occipital_en_ratio,T2_occipital_en_ratio,spearman,0.974845,False,True,True
T1_occipital_en_ratio,T1GD_occipital_en_ratio,spearman,0.974845,False,True,True
T1GD_parietal_en_ratio,T1GD_parietal_nc_ratio,spearman,0.924189,True,True,False
T1GD_parietal_en_ratio,T1GD_parietal_nc_ratio,spearman,0.924189,True,True,False
T2_parietal_nc_ratio,T1GD_parietal_en_ratio,spearman,0.92418,False,True,False
T2_parietal_nc_ratio,T1GD_parietal_en_ratio,spearman,0.92418,False,True,False
T1GD_parietal_en_ratio,FLAIR_parietal_nc_ratio,spearman,0.92418,False,True,False
T1GD_parietal_en_ratio,FLAIR_parietal_nc_ratio,spearman,0.92418,False,True,False
T2_parietal_en_ratio,FLAIR_parietal_nc_ratio,spearman,0.924155,False,True,False
T2_parietal_nc_ratio,FLAIR_parietal_en_ratio,spearman,0.924155,False,True,False
T2_parietal_en_ratio,T2_parietal_nc_ratio,spearman,0.924155,True,True,False
FLAIR_parietal_en_ratio,FLAIR_parietal_nc_ratio,spearman,0.924155,True,True,False
T2_parietal_en_ratio,FLAIR_parietal_nc_ratio,spearman,0.924155,False,True,False
T2_parietal_en_ratio,T2_parietal_nc_ratio,spearman,0.924155,True,True,False
T2_parietal_nc_ratio,FLAIR_parietal_en_ratio,spearman,0.924155,False,True,False
FLAIR_parietal_en_ratio,FLAIR_parietal_nc_ratio,spearman,0.924155,True,True,False
T1GD_parietal_nc_ratio,FLAIR_parietal_en_ratio,spearman,0.924149,False,True,False
T2_parietal_en_ratio,T1GD_parietal_nc_ratio,spearman,0.924149,False,True,False
T2_parietal_en_ratio,T1GD_parietal_nc_ratio,spearman,0.924149,False,True,False
T1GD_parietal_nc_ratio,FLAIR_parietal_en_ratio,spearman,0.924149,False,True,False
T1_parietal_en_ratio,FLAIR_parietal_nc_ratio,spearman,0.923519,False,True,False
T1_parietal_en_ratio,T2_parietal_nc_ratio,spearman,0.923519,False,True,False
T1_parietal_en_ratio,T2_parietal_nc_ratio,spearman,0.923519,False,True,False
T1_parietal_en_ratio,FLAIR_parietal_nc_ratio,spearman,0.923519,False,True,False
T1_parietal_en_ratio,T1GD_parietal_nc_ratio,spearman,0.923514,False,True,False
T1_parietal_en_ratio,T1GD_parietal_nc_ratio,spearman,0.923514,False,True,False
T1_parietal_en_ratio,T1_parietal_nc_ratio,spearman,0.923123,True,True,False
T1_parietal_en_ratio,T1_parietal_nc_ratio,spearman,0.923123,True,True,False
T1_parietal_nc_ratio,T1GD_parietal_en_ratio,spearman,0.921743,False,True,False
T1_parietal_nc_ratio,T1GD_parietal_en_ratio,spearman,0.921743,False,True,False
T1_parietal_nc_ratio,FLAIR_parietal_en_ratio,spearman,0.921719,False,True,False
T1_parietal_nc_ratio,FLAIR_parietal_en_ratio,spearman,0.921719,False,True,False
T1_parietal_nc_ratio,T2_parietal_en_ratio,spearman,0.921719,False,True,False
T1_parietal_nc_ratio,T2_parietal_en_ratio,spearman,0.921719,False,True,False
T1_frontal_en_ratio,T2_frontal_nc_ratio,spearman,0.913267,False,True,False
T1_frontal_en_ratio,FLAIR_frontal_nc_ratio,spearman,0.913267,False,True,False
T1_frontal_en_ratio,T2_frontal_nc_ratio,spearman,0.913267,False,True,False
T1_frontal_en_ratio,FLAIR_frontal_nc_ratio,spearman,0.913267,False,True,False
T1_frontal_en_ratio,T1GD_frontal_nc_ratio,spearman,0.913265,False,True,False
T1_frontal_en_ratio,T1GD_frontal_nc_ratio,spearman,0.913265,False,True,False
T1_frontal_en_ratio,T1_frontal_nc_ratio,spearman,0.913023,True,True,False
T1_frontal_en_ratio,T1_frontal_nc_ratio,spearman,0.913023,True,True,False
T1GD_frontal_en_ratio,T1GD_frontal_nc_ratio,spearman,0.911065,True,True,False
T1GD_frontal_en_ratio,T1GD_frontal_nc_ratio,spearman,0.911065,True,True,False
T2_frontal_en_ratio,FLAIR_frontal_nc_ratio,spearman,0.910963,False,True,False
T2_frontal_nc_ratio,FLAIR_frontal_en_ratio,spearman,0.910963,False,True,False
T2_frontal_en_ratio,FLAIR_frontal_nc_ratio,spearman,0.910963,False,True,False
T2_frontal_en_ratio,T2_frontal_nc_ratio,spearman,0.910963,True,True,False
T2_frontal_en_ratio,T2_frontal_nc_ratio,spearman,0.910963,True,True,False
FLAIR_frontal_en_ratio,FLAIR_frontal_nc_ratio,spearman,0.910963,True,True,False
T2_frontal_nc_ratio,FLAIR_frontal_en_ratio,spearman,0.910963,False,True,False
FLAIR_frontal_en_ratio,FLAIR_frontal_nc_ratio,spearman,0.910963,True,True,False
T2_frontal_en_ratio,T1GD_frontal_nc_ratio,spearman,0.910934,False,True,False
T2_frontal_en_ratio,T1GD_frontal_nc_ratio,spearman,0.910934,False,True,False
T1GD_frontal_nc_ratio,FLAIR_frontal_en_ratio,spearman,0.910934,False,True,False
T1GD_frontal_nc_ratio,FLAIR_frontal_en_ratio,spearman,0.910934,False,True,False
T2_frontal_nc_ratio,T1GD_frontal_en_ratio,spearman,0.910903,False,True,False
T1GD_frontal_en_ratio,FLAIR_frontal_nc_ratio,spearman,0.910903,False,True,False
T2_frontal_nc_ratio,T1GD_frontal_en_ratio,spearman,0.910903,False,True,False
T1GD_frontal_en_ratio,FLAIR_frontal_nc_ratio,spearman,0.910903,False,True,False
T1_frontal_nc_ratio,T2_frontal_en_ratio,spearman,0.91033,False,True,False
T1_frontal_nc_ratio,FLAIR_frontal_en_ratio,spearman,0.91033,False,True,False
T1_frontal_nc_ratio,FLAIR_frontal_en_ratio,spearman,0.91033,False,True,False
T1_frontal_nc_ratio,T2_frontal_en_ratio,spearman,0.91033,False,True,False
T1_frontal_nc_ratio,T1GD_frontal_en_ratio,spearman,0.910274,False,True,False
T1_frontal_nc_ratio,T1GD_frontal_en_ratio,spearman,0.910274,False,True,False
T1_temporal_en_ratio,T2_temporal_nc_ratio,spearman,0.905762,False,True,False
T1_temporal_en_ratio,FLAIR_temporal_nc_ratio,spearman,0.905762,False,True,False
T1_temporal_en_ratio,FLAIR_temporal_nc_ratio,spearman,0.905762,False,True,False
T1_temporal_en_ratio,T2_temporal_nc_ratio,spearman,0.905762,False,True,False
T2_temporal_nc_ratio,FLAIR_temporal_en_ratio,spearman,0.905449,False,True,False
T2_temporal_en_ratio,FLAIR_temporal_nc_ratio,spearman,0.905449,False,True,False
FLAIR_temporal_en_ratio,FLAIR_temporal_nc_ratio,spearman,0.905449,True,True,False
T2_temporal_nc_ratio,FLAIR_temporal_en_ratio,spearman,0.905449,False,True,False
T2_temporal_en_ratio,T2_temporal_nc_ratio,spearman,0.905449,True,True,False
T2_temporal_en_ratio,FLAIR_temporal_nc_ratio,spearman,0.905449,False,True,False
FLAIR_temporal_en_ratio,FLAIR_temporal_nc_ratio,spearman,0.905449,True,True,False
T2_temporal_en_ratio,T2_temporal_nc_ratio,spearman,0.905449,True,True,False
T1GD_temporal_en_ratio,T1GD_temporal_nc_ratio,spearman,0.904924,True,True,False
T1GD_temporal_en_ratio,T1GD_temporal_nc_ratio,spearman,0.904924,True,True,False
T2_temporal_nc_ratio,T1GD_temporal_en_ratio,spearman,0.904037,False,True,False
T1GD_temporal_en_ratio,FLAIR_temporal_nc_ratio,spearman,0.904037,False,True,False
T2_temporal_nc_ratio,T1GD_temporal_en_ratio,spearman,0.904037,False,True,False
T1GD_temporal_en_ratio,FLAIR_temporal_nc_ratio,spearman,0.904037,False,True,False
T1_occipital_en_ratio,T1_occipital_nc_ratio,spearman,0.903647,True,True,False
T1_occipital_en_ratio,T1_occipital_nc_ratio,spearman,0.903647,True,True,False
T1_temporal_en_ratio,T1GD_temporal_nc_ratio,spearman,0.903247,False,True,False
T1_temporal_en_ratio,T1GD_temporal_nc_ratio,spearman,0.903247,False,True,False
T2_temporal_en_ratio,T1GD_temporal_nc_ratio,spearman,0.902888,False,True,False
T1GD_temporal_nc_ratio,FLAIR_temporal_en_ratio,spearman,0.902888,False,True,False
T1GD_temporal_nc_ratio,FLAIR_temporal_en_ratio,spearman,0.902888,False,True,False
T2_temporal_en_ratio,T1GD_temporal_nc_ratio,spearman,0.902888,False,True,False
T1_temporal_en_ratio,T1_temporal_nc_ratio,spearman,0.901573,True,True,False
T1_temporal_en_ratio,T1_temporal_nc_ratio,spearman,0.901573,True,True,False
T1_temporal_nc_ratio,T2_temporal_en_ratio,spearman,0.900384,False,True,False
T1_temporal_nc_ratio,FLAIR_temporal_en_ratio,spearman,0.900384,False,True,False
T1_temporal_nc_ratio,T2_temporal_en_ratio,spearman,0.900384,False,True,False
T1_temporal_nc_ratio,FLAIR_temporal_en_ratio,spearman,0.900384,False,True,False
T1_occipital_en_ratio,T1GD_occipital_nc_ratio,spearman,0.900122,False,True,False
T1_occipital_en_ratio,T2_occipital_nc_ratio,spearman,0.900122,False,True,False
T1_occipital_en_ratio,T1GD_occipital_nc_ratio,spearman,0.900122,False,True,False
T1_occipital_en_ratio,FLAIR_occipital_nc_ratio,spearman,0.900122,False,True,False
T1_occipital_en_ratio,FLAIR_occipital_nc_ratio,spearman,0.900122,False,True,False
T1_occipital_en_ratio,T2_occipital_nc_ratio,spearman,0.900122,False,True,False
T1_temporal_nc_ratio,T1GD_temporal_en_ratio,spearman,0.89889,False,True,False
T2_occipital_nc_ratio,T1GD_occipital_en_ratio,spearman,0.892667,False,True,False
FLAIR_occipital_en_ratio,FLAIR_occipital_nc_ratio,spearman,0.892667,True,True,False
T1GD_occipital_nc_ratio,FLAIR_occipital_en_ratio,spearman,0.892667,False,True,False
T2_occipital_en_ratio,T1GD_occipital_nc_ratio,spearman,0.892667,False,True,False
T2_occipital_en_ratio,T2_occipital_nc_ratio,spearman,0.892667,True,True,False
T2_occipital_nc_ratio,FLAIR_occipital_en_ratio,spearman,0.892667,False,True,False
T1GD_occipital_en_ratio,FLAIR_occipital_nc_ratio,spearman,0.892667,False,True,False
T1GD_occipital_en_ratio,T1GD_occipital_nc_ratio,spearman,0.892667,True,True,False
T2_occipital_en_ratio,FLAIR_occipital_nc_ratio,spearman,0.892667,False,True,False
T1_occipital_nc_ratio,FLAIR_occipital_en_ratio,spearman,0.882258,False,True,False
T1_occipital_nc_ratio,T1GD_occipital_en_ratio,spearman,0.882258,False,True,False
T1_occipital_nc_ratio,T2_occipital_en_ratio,spearman,0.882258,False,True,False
FLAIR_occipital_en_ratio,FLAIR_occipital_nc_ratio,pearson,0.801219,True,True,False
T1GD_occipital_nc_ratio,FLAIR_occipital_en_ratio,pearson,0.801219,False,True,False
T1GD_occipital_en_ratio,FLAIR_occipital_nc_ratio,pearson,0.801219,False,True,False
T2_occipital_nc_ratio,FLAIR_occipital_en_ratio,pearson,0.801219,False,True,False
T2_occipital_nc_ratio,T1GD_occipital_en_ratio,pearson,0.801219,False,True,False
T2_occipital_en_ratio,FLAIR_occipital_nc_ratio,pearson,0.801219,False,True,False
T2_occipital_en_ratio,T1GD_occipital_nc_ratio,pearson,0.801219,False,True,False
T2_occipital_en_ratio,T2_occipital_nc_ratio,pearson,0.801219,True,True,False
T1GD_occipital_en_ratio,T1GD_occipital_nc_ratio,pearson,0.801219,True,True,False
