feature,outcome,n_total,n_group0,n_group1,median_group0,median_group1,test_statistic,p_value,p_value_fdr,effect_size_cliffs_delta,auc,auc_ci_lower,auc_ci_upper,significant_fdr_0.05,test
T1_global_nc_en_ratio,IDH_binary,494,392.0,102.0,0.38066264748885786,0.0,33480.0,5.378880191119475e-26,1.3769933289265855e-24,-0.6746698679471789,0.16187003551420567,0.11224177170868349,0.21757484243697475,True,Mann-Whitney U
T1_global_nc_en_ratio,MGMT_binary,413,113.0,300.0,0.417103162376404,0.3313241251877221,18968.5,0.061922784624394656,0.12993633494954945,-0.11908554572271386,0.44211325958702063,0.3781268436578171,0.507143436578171,False,Mann-Whitney U
T1_global_ed_en_ratio,IDH_binary,494,392.0,102.0,2.5348741835997046,0.0,24382.0,0.0006188688734358951,0.001494626713203671,-0.2195878351340536,0.3897989695878351,0.3092877776110444,0.4750212585034014,True,Mann-Whitney U
T1_global_ed_en_ratio,MGMT_binary,413,113.0,300.0,2.70422226551086,2.7464284985410563,17179.0,0.8326509829096076,0.9765913705357477,-0.013510324483775812,0.4948686725663717,0.434813053097345,0.5603012536873156,False,Mann-Whitney U
T1_global_ed_total_ratio,IDH_binary,494,392.0,102.0,0.6641195550188057,1.0,4900.0,5.766798336007869e-32,1.845375467522518e-30,0.7549019607843137,0.8773892932172869,0.8343005952380951,0.9205776060424171,True,Mann-Whitney U
T1_global_ed_total_ratio,MGMT_binary,413,113.0,300.0,0.6732387593171435,0.6759033914539005,17036.0,0.936980788019094,0.9848756597860501,-0.005073746312684366,0.4967246017699115,0.43510471976401177,0.5595508849557522,False,Mann-Whitney U
T1_tumor_burden_index,IDH_binary,494,392.0,102.0,0.0564805459584837,0.04328065558813195,22624.0,0.04045919923266703,0.09085574564528737,-0.13165266106442577,0.4350140056022409,0.3710365396158464,0.5027017056822729,False,Mann-Whitney U
T1_tumor_burden_index,MGMT_binary,413,113.0,300.0,0.0602026645836045,0.057862742535198644,17328.0,0.727039755097135,0.9483085761798897,-0.022300884955752213,0.4896874041297935,0.4282492625368731,0.5564129793510324,False,Mann-Whitney U
T1_frontal_ed_ratio,IDH_binary,494,392.0,102.0,0.02366181573637445,0.04171497991316045,15496.5,0.0004648164601756381,0.0012142144265812587,0.22486494597839135,0.6135219337735094,0.5514130652260905,0.6733455882352941,True,Mann-Whitney U
T1_frontal_ed_ratio,MGMT_binary,413,113.0,300.0,0.0259745625353562,0.0284713480527659,16904.0,0.9664387184538059,0.9972973848528418,0.002713864306784661,0.5028814749262537,0.437896017699115,0.5687839233038348,False,Mann-Whitney U
T1_frontal_en_ratio,IDH_binary,494,392.0,102.0,0.00598270503500015,0.0,30473.5,1.7736254577806717e-16,1.4189003662245373e-15,-0.5242847138855542,0.23779180422168866,0.1851156087434974,0.2919824179671868,True,Mann-Whitney U
T1_frontal_en_ratio,MGMT_binary,413,113.0,300.0,0.0045914726094413,0.0063081443233416,16538.5,0.7030991163426579,0.9444612238338708,0.024277286135693216,0.5145637315634218,0.45276401179941,0.5759321533923303,False,Mann-Whitney U
T1_frontal_nc_ratio,IDH_binary,494,392.0,102.0,0.0011464971735777,0.0,29743.5,8.21662231440089e-15,4.3821985676804746e-14,-0.4877701080432173,0.2562558023209284,0.20317752100840336,0.31212234893957574,True,Mann-Whitney U
T1_frontal_nc_ratio,MGMT_binary,413,113.0,300.0,0.001259507566847,0.00117808006612365,17095.0,0.892665549630332,0.9830618103806888,-0.00855457227138643,0.4978512684365782,0.43529424778761067,0.5583997050147492,False,Mann-Whitney U
T1_temporal_ed_ratio,IDH_binary,494,392.0,102.0,0.02213102759442065,0.022596380386003048,21298.0,0.30882375276607255,0.5899916470754819,-0.06532613045218087,0.468202918667467,0.4054340486194478,0.5310899359743897,False,Mann-Whitney U
T1_temporal_ed_ratio,MGMT_binary,413,113.0,300.0,0.0260527987984518,0.0208546415433771,17844.0,0.4083226777655061,0.6851590139777474,-0.05274336283185841,0.4726509882005899,0.4063425516224189,0.536625,False,Mann-Whitney U
T1_temporal_en_ratio,IDH_binary,494,392.0,102.0,0.0059633259862983,0.0,31119.0,8.5551128104333e-19,9.125453664462187e-18,-0.5565726290516206,0.22130562224889958,0.1777373449379752,0.2668082858143257,True,Mann-Whitney U
T1_temporal_en_ratio,MGMT_binary,413,113.0,300.0,0.0037725531822014,0.0056947665880163,16611.0,0.7520003292393409,0.9541837580934647,0.02,0.5095797935103246,0.443584808259587,0.5730353982300884,False,Mann-Whitney U
T1_temporal_nc_ratio,IDH_binary,494,392.0,102.0,0.00050309787766445,0.0,29493.0,4.1767332090307484e-15,2.324442829373634e-14,-0.4752400960384154,0.26256815226090435,0.22207695578231296,0.30750956632653065,True,Mann-Whitney U
T1_temporal_nc_ratio,MGMT_binary,413,113.0,300.0,0.0001744903886718,0.00036095282826225,17204.0,0.8078539033602122,0.9664046694402539,-0.014985250737463127,0.49165575221238944,0.4288414454277287,0.5551047197640117,False,Mann-Whitney U
T1_parietal_ed_ratio,IDH_binary,494,392.0,102.0,0.01440891885614155,0.0,27735.0,1.3103626486184663e-09,5.082618758277687e-09,-0.3873049219687875,0.3071654786914766,0.24644045118047217,0.37085084033613447,True,Mann-Whitney U
T1_parietal_ed_ratio,MGMT_binary,413,113.0,300.0,0.0149124274358926,0.01039305901101255,17619.5,0.5348984791895852,0.8223791147211378,-0.039498525073746314,0.47891685840707965,0.41548377581120943,0.5407160766961652,False,Mann-Whitney U
T1_parietal_en_ratio,IDH_binary,494,392.0,102.0,0.00021866908737439998,0.0,28436.0,1.1896162411385342e-12,5.438245673776157e-12,-0.4223689475790316,0.2891793842537015,0.2509191176470588,0.3317139355742297,True,Mann-Whitney U
T1_parietal_en_ratio,MGMT_binary,413,113.0,300.0,0.0,9.896317751742164e-05,16637.0,0.7599961410538179,0.9602103627638596,0.018466076696165193,0.5082905014749263,0.4508473451327433,0.5660125368731562,False,Mann-Whitney U
T1_parietal_nc_ratio,IDH_binary,494,392.0,102.0,0.0,0.0,27765.5,5.5549618809080546e-12,2.2219847523632218e-11,-0.38883053221288516,0.3062415966386554,0.27309986494597843,0.34614595838335327,True,Mann-Whitney U
T1_parietal_nc_ratio,MGMT_binary,413,113.0,300.0,0.0,0.0,16737.0,0.8277777145308594,0.9750694379385694,0.012566371681415929,0.5052602802359882,0.44768399705014744,0.5592758112094395,False,Mann-Whitney U
T1_occipital_ed_ratio,IDH_binary,494,392.0,102.0,0.00031734128039245,0.0,25684.0,1.9894417629094144e-06,5.305178034425105e-06,-0.28471388555422167,0.3567010804321729,0.3024187800120048,0.4085362269907963,True,Mann-Whitney U
T1_occipital_ed_ratio,MGMT_binary,413,113.0,300.0,0.0004720520350411,3.0460246260206362e-05,17543.5,0.5624752970151707,0.8470216237404924,-0.03501474926253687,0.4813577286135693,0.4258952802359882,0.5389450589970501,False,Mann-Whitney U
T1_occipital_en_ratio,IDH_binary,494,392.0,102.0,0.0,0.0,25511.0,2.651394746484064e-08,8.484463188749005e-08,-0.27606042416966786,0.36236228241296514,0.3351118572428971,0.3916679171668668,True,Mann-Whitney U
T1_occipital_en_ratio,MGMT_binary,413,113.0,300.0,0.0,0.0,17860.0,0.2956146516134973,0.5733132637352675,-0.05368731563421829,0.4721969321533923,0.42017367256637167,0.5219705014749263,False,Mann-Whitney U
T1_occipital_nc_ratio,IDH_binary,494,392.0,102.0,0.0,0.0,24691.0,3.14891751743823e-07,9.16048732345667e-07,-0.23504401760704283,0.38282261654661864,0.35712191126450576,0.41156868997599033,True,Mann-Whitney U
T1_occipital_nc_ratio,MGMT_binary,413,113.0,300.0,0.0,0.0,17950.0,0.21529935444319181,0.42397411336505464,-0.058997050147492625,0.4698223156342183,0.42132522123893806,0.5160549410029498,False,Mann-Whitney U
T1GD_global_nc_en_ratio,IDH_binary,494,392.0,102.0,0.38066264748885786,0.0,33480.0,5.378880191119475e-26,1.1474944407721547e-24,-0.6746698679471789,0.16187003551420567,0.11224177170868349,0.21757484243697475,True,Mann-Whitney U
T1GD_global_nc_en_ratio,MGMT_binary,413,113.0,300.0,0.417103162376404,0.3313241251877221,18968.5,0.061922784624394656,0.12784058761165348,-0.11908554572271386,0.44211325958702063,0.3781268436578171,0.507143436578171,False,Mann-Whitney U
T1GD_global_ed_en_ratio,IDH_binary,494,392.0,102.0,2.5348741835997046,0.0,24382.0,0.0006188688734358951,0.0014669484407369366,-0.2195878351340536,0.3897989695878351,0.3092877776110444,0.4750212585034014,True,Mann-Whitney U
T1GD_global_ed_en_ratio,MGMT_binary,413,113.0,300.0,2.70422226551086,2.7464284985410563,17179.0,0.8326509829096076,0.9795904068677188,-0.013510324483775812,0.4948686725663717,0.434813053097345,0.5603012536873156,False,Mann-Whitney U
T1GD_global_ed_total_ratio,IDH_binary,494,392.0,102.0,0.6641195550188057,1.0,4900.0,5.766798336007869e-32,2.4605006233633575e-30,0.7549019607843137,0.8773892932172869,0.8343005952380951,0.9205776060424171,True,Mann-Whitney U
T1GD_global_ed_total_ratio,MGMT_binary,413,113.0,300.0,0.6732387593171435,0.6759033914539005,17036.0,0.936980788019094,0.99118628815243,-0.005073746312684366,0.4967246017699115,0.43510471976401177,0.5595508849557522,False,Mann-Whitney U
T1GD_tumor_burden_index,IDH_binary,494,392.0,102.0,0.0549444185741008,0.042017273406980596,22539.0,0.047384838508763204,0.10145944119817704,-0.12740096038415366,0.4371744697879152,0.3728235044017607,0.5053815276110445,False,Mann-Whitney U
T1GD_tumor_burden_index,MGMT_binary,413,113.0,300.0,0.0574505128130863,0.05575500078256775,17291.0,0.7528733323860373,0.9545544816211712,-0.020117994100294984,0.4907436578171091,0.42897935103244844,0.5576740412979351,False,Mann-Whitney U
T1GD_frontal_ed_ratio,IDH_binary,494,392.0,102.0,0.0231343276970306,0.0395473155753708,15528.5,0.0005103031690033855,0.0012912881695320603,0.22326430572228892,0.6127437850140056,0.55031262505002,0.6733046343537415,True,Mann-Whitney U
T1GD_frontal_ed_ratio,MGMT_binary,413,113.0,300.0,0.0248509789779597,0.0276643200476137,16929.0,0.9848756597860501,1.0,0.001238938053097345,0.5021234955752212,0.4385081120943952,0.5682927728613569,False,Mann-Whitney U
T1GD_frontal_en_ratio,IDH_binary,494,392.0,102.0,0.0059605951867458,0.0,30631.0,6.543290652410391e-17,6.315291459125543e-16,-0.5321628651460584,0.23382711834733894,0.18094237695078028,0.2886467086834734,True,Mann-Whitney U
T1GD_frontal_en_ratio,MGMT_binary,413,113.0,300.0,0.0048202164166019,0.0061754208351532495,16438.0,0.6353724329446186,0.9267767461950415,0.030206489675516226,0.5176015191740413,0.45706157817109144,0.5780188053097345,False,Mann-Whitney U
T1GD_frontal_nc_ratio,IDH_binary,494,392.0,102.0,0.0011397981103277999,0.0,29896.0,3.3673832969159287e-15,2.1009606694756683e-14,-0.4953981592637055,0.2524261329531812,0.1983252676070428,0.3074407888155261,True,Mann-Whitney U
T1GD_frontal_nc_ratio,MGMT_binary,413,113.0,300.0,0.0012680048915427,0.0011605852481856001,17022.5,0.9464382843296689,0.9915170138719499,-0.004277286135693215,0.4999963126843658,0.4377558997050148,0.5615232300884956,False,Mann-Whitney U
T1GD_temporal_ed_ratio,IDH_binary,494,392.0,102.0,0.0229494029254935,0.02192518186757,21216.0,0.3402953160332316,0.6287399485400701,-0.061224489795918366,0.47029415516206485,0.40634566326530613,0.5336278261304521,False,Mann-Whitney U
T1GD_temporal_ed_ratio,MGMT_binary,413,113.0,300.0,0.0281454783020272,0.0219281877928537,17812.0,0.4253975598278855,0.7032913766173423,-0.05085545722713864,0.47369707964601776,0.40688311209439526,0.5380884955752212,False,Mann-Whitney U
T1GD_temporal_en_ratio,IDH_binary,494,392.0,102.0,0.0061268827311535,0.0,31181.0,5.662303329997744e-19,7.128965727508242e-18,-0.5596738695478192,0.2196891131452581,0.17764324479791918,0.26584477541016405,True,Mann-Whitney U
T1GD_temporal_en_ratio,MGMT_binary,413,113.0,300.0,0.0033373611830369,0.0059268651773545,16475.0,0.6578750180100432,0.9360636073014947,0.028023598820058997,0.5136475516224188,0.4478882743362832,0.5766061946902654,False,Mann-Whitney U
T1GD_temporal_nc_ratio,IDH_binary,494,392.0,102.0,0.0005536976479814,0.0,29611.0,2.2201194800350053e-15,1.495659439181477e-14,-0.4811424569827931,0.25964206932773104,0.2196372298919568,0.3049350990396158,True,Mann-Whitney U
T1GD_temporal_nc_ratio,MGMT_binary,413,113.0,300.0,0.0001400488897942,0.00041571479365834995,17130.5,0.8631677974035793,0.979832588097299,-0.010648967551622418,0.4942144542772861,0.43136983775811205,0.5581434365781711,False,Mann-Whitney U
T1GD_parietal_ed_ratio,IDH_binary,494,392.0,102.0,0.01543344591054825,1.684556658378648e-06,27571.5,2.9835964287094526e-09,1.0761179160780307e-08,-0.37912665066026413,0.31137910164065624,0.2510335384153662,0.3729910714285714,True,Mann-Whitney U
T1GD_parietal_ed_ratio,MGMT_binary,413,113.0,300.0,0.0171083539694564,0.0104624277610865,17648.0,0.5177931500698759,0.8124709326160638,-0.04117994100294985,0.477922005899705,0.41536651917404127,0.5393831120943953,False,Mann-Whitney U
T1GD_parietal_en_ratio,IDH_binary,494,392.0,102.0,0.0003753190080864,0.0,28505.5,8.179333604571821e-13,3.901459764125184e-12,-0.4258453381352541,0.2874354866946779,0.2494235194077631,0.32948304321728694,True,Mann-Whitney U
T1GD_parietal_en_ratio,MGMT_binary,413,113.0,300.0,0.0,0.00014643724837,16623.5,0.7501843252619945,0.9538373790037552,0.019262536873156343,0.5086719469026549,0.4506445427728614,0.5655033185840709,False,Mann-Whitney U
T1GD_parietal_nc_ratio,IDH_binary,494,392.0,102.0,0.0,0.0,27826.0,4.088313631934159e-12,1.8044970513364566e-11,-0.3918567426970788,0.30461433323329334,0.2709033613445378,0.3435299119647859,True,Mann-Whitney U
T1GD_parietal_nc_ratio,MGMT_binary,413,113.0,300.0,0.0,0.0,16730.0,0.8224482583597634,0.9733611228943009,0.012979351032448377,0.5056027876106194,0.4479760324483776,0.5610737463126844,False,Mann-Whitney U
T1GD_occipital_ed_ratio,IDH_binary,494,392.0,102.0,0.00043553415542069997,0.0,25744.0,1.8296958243807347e-06,4.983001394058171e-06,-0.28771508603441376,0.3553997724089636,0.3018007202881152,0.40823954581832733,True,Mann-Whitney U
T1GD_occipital_ed_ratio,MGMT_binary,413,113.0,300.0,0.0006710924352395,0.00015395840177974998,17242.0,0.7769990157330323,0.9651513874968378,-0.017227138643067845,0.4904486430678466,0.4346998525073747,0.5492385693215339,False,Mann-Whitney U
T1GD_occipital_en_ratio,IDH_binary,494,392.0,102.0,0.0,0.0,25953.5,4.419755355509427e-09,1.5289964473113695e-08,-0.2981942777110844,0.3514236444577831,0.3238945578231293,0.3812056072428972,True,Mann-Whitney U
T1GD_occipital_en_ratio,MGMT_binary,413,113.0,300.0,0.0,0.0,17664.0,0.42307371874637,0.6877013520261156,-0.04212389380530973,0.477831814159292,0.425233407079646,0.529087389380531,False,Mann-Whitney U
T1GD_occipital_nc_ratio,IDH_binary,494,392.0,102.0,0.0,0.0,24845.5,1.7363348221385756e-07,5.168624586831108e-07,-0.24277210884353742,0.3790381277511004,0.3533650960384154,0.40647071328531414,True,Mann-Whitney U
T1GD_occipital_nc_ratio,MGMT_binary,413,113.0,300.0,0.0,0.0,17666.5,0.38004914056578176,0.6756429165613898,-0.042271386430678466,0.4779706194690265,0.42768215339233034,0.5280018436578171,False,Mann-Whitney U
T2_global_nc_en_ratio,IDH_binary,494,392.0,102.0,0.38066264748885786,0.0,33480.0,5.378880191119475e-26,8.60620830579116e-25,-0.6746698679471789,0.16187003551420567,0.11224177170868349,0.21757484243697475,True,Mann-Whitney U
T2_global_nc_en_ratio,MGMT_binary,413,113.0,300.0,0.417103162376404,0.3313241251877221,18968.5,0.061922784624394656,0.12384556924878931,-0.11908554572271386,0.44211325958702063,0.3781268436578171,0.507143436578171,False,Mann-Whitney U
T2_global_ed_en_ratio,IDH_binary,494,392.0,102.0,2.5348741835997046,0.0,24382.0,0.0006188688734358951,0.0014145574249963316,-0.2195878351340536,0.3897989695878351,0.3092877776110444,0.4750212585034014,True,Mann-Whitney U
T2_global_ed_en_ratio,MGMT_binary,413,113.0,300.0,2.70422226551086,2.7464284985410563,17179.0,0.8326509829096076,0.9782248575202196,-0.013510324483775812,0.4948686725663717,0.434813053097345,0.5603012536873156,False,Mann-Whitney U
T2_global_ed_total_ratio,IDH_binary,494,392.0,102.0,0.6641195550188057,1.0,4900.0,5.766798336007869e-32,7.381501870090073e-30,0.7549019607843137,0.8773892932172869,0.8343005952380951,0.9205776060424171,True,Mann-Whitney U
T2_global_ed_total_ratio,MGMT_binary,413,113.0,300.0,0.6732387593171435,0.6759033914539005,17036.0,0.936980788019094,0.9896332476966972,-0.005073746312684366,0.4967246017699115,0.43510471976401177,0.5595508849557522,False,Mann-Whitney U
T2_tumor_burden_index,IDH_binary,494,392.0,102.0,0.0549444185741008,0.042017273406980596,22537.0,0.04755911306164549,0.10457343670899466,-0.12730092036814725,0.43722231392557026,0.3728235044017607,0.5055290866346539,False,Mann-Whitney U
T2_tumor_burden_index,MGMT_binary,413,113.0,300.0,0.0574505128130863,0.05575500078256775,17287.0,0.7556833966433496,0.9570307006368156,-0.019882005899705013,0.4908713569321534,0.4294417404129794,0.5577337758112094,False,Mann-Whitney U
T2_frontal_ed_ratio,IDH_binary,494,392.0,102.0,0.0231343276970306,0.0395473155753708,15524.5,0.000504409441223461,0.0012561308775467953,0.22346438575430172,0.6128457758103241,0.5503176270508203,0.673450942877151,True,Mann-Whitney U
T2_frontal_ed_ratio,MGMT_binary,413,113.0,300.0,0.0248509789779597,0.0276643200476137,16917.0,0.9760245605302007,0.9994461738870336,0.0019469026548672567,0.5024863569321534,0.438853244837758,0.5684970501474926,False,Mann-Whitney U
T2_frontal_en_ratio,IDH_binary,494,392.0,102.0,0.0059605951867458,0.0,30634.0,6.413967888174379e-17,5.5836080233902e-16,-0.532312925170068,0.23375376400560222,0.18094237695078028,0.28858011954781915,True,Mann-Whitney U
T2_frontal_en_ratio,MGMT_binary,413,113.0,300.0,0.0048202164166019,0.0061754208351532495,16469.0,0.656001333689257,0.9271487158033853,0.02837758112094395,0.5166615486725664,0.4547393067846608,0.5773016224188791,False,Mann-Whitney U
T2_frontal_nc_ratio,IDH_binary,494,392.0,102.0,0.0011397981103277999,0.0,29900.0,3.2827510460557315e-15,2.00091492331016e-14,-0.4955982392957183,0.252327618547419,0.1981158088235294,0.30728697729091636,True,Mann-Whitney U
T2_frontal_nc_ratio,MGMT_binary,413,113.0,300.0,0.0012680048915427,0.0011605852481856001,17045.5,0.9293676356441769,0.9835003012577831,-0.005634218289085545,0.49929728613569324,0.43725073746312687,0.5602179203539823,False,Mann-Whitney U
T2_temporal_ed_ratio,IDH_binary,494,392.0,102.0,0.0229494029254935,0.02192518186757,21232.0,0.33401809766191226,0.622254292175052,-0.06202480992396959,0.4698972964185674,0.4056853991596639,0.5330579106642657,False,Mann-Whitney U
T2_temporal_ed_ratio,MGMT_binary,413,113.0,300.0,0.0281454783020272,0.0219281877928537,17878.0,0.3908053647834724,0.6806360957246168,-0.05474926253687316,0.4716907079646018,0.4043901179941003,0.5353244837758112,False,Mann-Whitney U
T2_temporal_en_ratio,IDH_binary,494,392.0,102.0,0.0062359252776895,0.0,31198.0,5.012554027154232e-19,6.588862056724648e-18,-0.5605242096838735,0.21926286764705885,0.1769736019407763,0.2650863470388155,True,Mann-Whitney U
T2_temporal_en_ratio,MGMT_binary,413,113.0,300.0,0.0035858928610521,0.0059268651773545,16572.0,0.7245988811821429,0.9456705978710603,0.022300884955752213,0.5106860471976402,0.44499926253687316,0.5740250737463126,False,Mann-Whitney U
T2_temporal_nc_ratio,IDH_binary,494,392.0,102.0,0.00057361248507175,0.0,29664.0,1.6393582117682485e-15,1.2343403006255047e-14,-0.4837935174069628,0.25831987795118044,0.21823510654261705,0.3045396283513406,True,Mann-Whitney U
T2_temporal_nc_ratio,MGMT_binary,413,113.0,300.0,0.0001814248510708,0.00041571479365834995,17269.0,0.7605516809324645,0.9644355721037969,-0.018820058997050148,0.49000560471976407,0.4269008112094395,0.5544151917404129,False,Mann-Whitney U
T2_parietal_ed_ratio,IDH_binary,494,392.0,102.0,0.01543344591054825,1.684556658378648e-06,27568.5,3.0265816389694616e-09,1.1232363025729704e-08,-0.3789765906362545,0.31145688275310124,0.25110669267707086,0.37323491896758704,True,Mann-Whitney U
T2_parietal_ed_ratio,MGMT_binary,413,113.0,300.0,0.0171083539694564,0.0104624277610865,17633.0,0.5268366203682289,0.8182410272709151,-0.040294985250737464,0.47837262536873154,0.4156910029498525,0.5393930678466076,False,Mann-Whitney U
T2_parietal_en_ratio,IDH_binary,494,392.0,102.0,0.0003753190080864,0.0,28504.5,8.229641689951561e-13,4.05151590889923e-12,-0.4257953181272509,0.28745992146858745,0.24947228891556622,0.32955619747899156,True,Mann-Whitney U
T2_parietal_en_ratio,MGMT_binary,413,113.0,300.0,0.0,0.00014643724837,16606.5,0.7376252259433373,0.9524610178246392,0.020265486725663716,0.5091880825958702,0.4511283185840709,0.5655873893805309,False,Mann-Whitney U
T2_parietal_nc_ratio,IDH_binary,494,392.0,102.0,0.0,0.0,27826.0,4.088313631934159e-12,1.6880778867341046e-11,-0.3918567426970788,0.30461433323329334,0.2709033613445378,0.3435299119647859,True,Mann-Whitney U
T2_parietal_nc_ratio,MGMT_binary,413,113.0,300.0,0.0,0.0,16724.0,0.8176791370410992,0.9691011994561175,0.013333333333333334,0.505783790560472,0.4481404867256637,0.5610737463126844,False,Mann-Whitney U
T2_occipital_ed_ratio,IDH_binary,494,392.0,102.0,0.00047258902487455005,0.0,25789.0,1.549676195204375e-06,4.312142456220869e-06,-0.28996598639455784,0.3542767356942777,0.29960515456182474,0.40801883253301324,True,Mann-Whitney U
T2_occipital_ed_ratio,MGMT_binary,413,113.0,300.0,0.0006917403965234,0.00015395840177974998,17378.0,0.6781187616354822,0.9431798744462812,-0.025250737463126845,0.48631629793510317,0.43111688790560465,0.5432817109144542,False,Mann-Whitney U
T2_occipital_en_ratio,IDH_binary,494,392.0,102.0,0.0,0.0,25953.5,4.419755355509427e-09,1.4505863730902735e-08,-0.2981942777110844,0.3514236444577831,0.3238945578231293,0.3812056072428972,True,Mann-Whitney U
T2_occipital_en_ratio,MGMT_binary,413,113.0,300.0,0.0,0.0,17664.0,0.42307371874637,0.6854865316396881,-0.04212389380530973,0.477831814159292,0.425233407079646,0.529087389380531,False,Mann-Whitney U
T2_occipital_nc_ratio,IDH_binary,494,392.0,102.0,0.0,0.0,24845.5,1.7363348221385756e-07,5.291687076993755e-07,-0.24277210884353742,0.3790381277511004,0.3533650960384154,0.40647071328531414,True,Mann-Whitney U
T2_occipital_nc_ratio,MGMT_binary,413,113.0,300.0,0.0,0.0,17666.5,0.38004914056578176,0.6663875341427407,-0.042271386430678466,0.4779706194690265,0.42768215339233034,0.5280018436578171,False,Mann-Whitney U
FLAIR_global_nc_en_ratio,IDH_binary,494,392.0,102.0,0.38066264748885786,0.0,33480.0,5.378880191119475e-26,9.835666635189897e-25,-0.6746698679471789,0.16187003551420567,0.11224177170868349,0.21757484243697475,True,Mann-Whitney U
FLAIR_global_nc_en_ratio,MGMT_binary,413,113.0,300.0,0.417103162376404,0.3313241251877221,18968.5,0.061922784624394656,0.12581137193527803,-0.11908554572271386,0.44211325958702063,0.3781268436578171,0.507143436578171,False,Mann-Whitney U
FLAIR_global_ed_en_ratio,IDH_binary,494,392.0,102.0,2.5348741835997046,0.0,24382.0,0.0006188688734358951,0.0014402766509053558,-0.2195878351340536,0.3897989695878351,0.3092877776110444,0.4750212585034014,True,Mann-Whitney U
FLAIR_global_ed_en_ratio,MGMT_binary,413,113.0,300.0,2.70422226551086,2.7464284985410563,17179.0,0.8326509829096076,0.9769685515661098,-0.013510324483775812,0.4948686725663717,0.434813053097345,0.5603012536873156,False,Mann-Whitney U
FLAIR_global_ed_total_ratio,IDH_binary,494,392.0,102.0,0.6641195550188057,1.0,4900.0,5.766798336007869e-32,3.690750935045036e-30,0.7549019607843137,0.8773892932172869,0.8343005952380951,0.9205776060424171,True,Mann-Whitney U
FLAIR_global_ed_total_ratio,MGMT_binary,413,113.0,300.0,0.6732387593171435,0.6759033914539005,17036.0,0.936980788019094,0.9866878382054711,-0.005073746312684366,0.4967246017699115,0.43510471976401177,0.5595508849557522,False,Mann-Whitney U
FLAIR_tumor_burden_index,IDH_binary,494,392.0,102.0,0.0549444185741008,0.042017273406980596,22537.0,0.04755911306164549,0.10317909274390885,-0.12730092036814725,0.43722231392557026,0.3728235044017607,0.5055290866346539,False,Mann-Whitney U
FLAIR_tumor_burden_index,MGMT_binary,413,113.0,300.0,0.0574505128130863,0.05575500078256775,17287.0,0.7556833966433496,0.9576977700034529,-0.019882005899705013,0.4908713569321534,0.4294417404129794,0.5577337758112094,False,Mann-Whitney U
FLAIR_frontal_ed_ratio,IDH_binary,494,392.0,102.0,0.0231343276970306,0.0395473155753708,15524.5,0.000504409441223461,0.0012659687936588827,0.22346438575430172,0.6128457758103241,0.5503176270508203,0.673450942877151,True,Mann-Whitney U
FLAIR_frontal_ed_ratio,MGMT_binary,413,113.0,300.0,0.0248509789779597,0.0276643200476137,16917.0,0.9760245605302007,0.999655944222308,0.0019469026548672567,0.5024863569321534,0.438853244837758,0.5684970501474926,False,Mann-Whitney U
FLAIR_frontal_en_ratio,IDH_binary,494,392.0,102.0,0.0059605951867458,0.0,30634.0,6.413967888174379e-17,5.864199212045147e-16,-0.532312925170068,0.23375376400560222,0.18094237695078028,0.28858011954781915,True,Mann-Whitney U
FLAIR_frontal_en_ratio,MGMT_binary,413,113.0,300.0,0.0048202164166019,0.0061754208351532495,16469.0,0.656001333689257,0.9349063667756997,0.02837758112094395,0.5166615486725664,0.4547393067846608,0.5773016224188791,False,Mann-Whitney U
FLAIR_frontal_nc_ratio,IDH_binary,494,392.0,102.0,0.0011397981103277999,0.0,29900.0,3.2827510460557315e-15,1.9592048272965404e-14,-0.4955982392957183,0.252327618547419,0.1981158088235294,0.30728697729091636,True,Mann-Whitney U
FLAIR_frontal_nc_ratio,MGMT_binary,413,113.0,300.0,0.0012680048915427,0.0011605852481856001,17045.5,0.9293676356441769,0.9837097932902811,-0.005634218289085545,0.49929728613569324,0.43725073746312687,0.5602179203539823,False,Mann-Whitney U
FLAIR_temporal_ed_ratio,IDH_binary,494,392.0,102.0,0.0229494029254935,0.02192518186757,21232.0,0.33401809766191226,0.6196277753728228,-0.06202480992396959,0.4698972964185674,0.4056853991596639,0.5330579106642657,False,Mann-Whitney U
FLAIR_temporal_ed_ratio,MGMT_binary,413,113.0,300.0,0.0281454783020272,0.0219281877928537,17878.0,0.3908053647834724,0.6759876580038441,-0.05474926253687316,0.4716907079646018,0.4043901179941003,0.5353244837758112,False,Mann-Whitney U
FLAIR_temporal_en_ratio,IDH_binary,494,392.0,102.0,0.0062359252776895,0.0,31198.0,5.012554027154232e-19,6.416069154757417e-18,-0.5605242096838735,0.21926286764705885,0.1769736019407763,0.2650863470388155,True,Mann-Whitney U
FLAIR_temporal_en_ratio,MGMT_binary,413,113.0,300.0,0.0035858928610521,0.0059268651773545,16572.0,0.7245988811821429,0.9461573292728711,0.022300884955752213,0.5106860471976402,0.44499926253687316,0.5740250737463126,False,Mann-Whitney U
FLAIR_temporal_nc_ratio,IDH_binary,494,392.0,102.0,0.00057361248507175,0.0,29664.0,1.6393582117682485e-15,1.1657658394796433e-14,-0.4837935174069628,0.25831987795118044,0.21823510654261705,0.3045396283513406,True,Mann-Whitney U
FLAIR_temporal_nc_ratio,MGMT_binary,413,113.0,300.0,0.0001814248510708,0.00041571479365834995,17269.0,0.7605516809324645,0.9636778654541277,-0.018820058997050148,0.49000560471976407,0.4269008112094395,0.5544151917404129,False,Mann-Whitney U
FLAIR_parietal_ed_ratio,IDH_binary,494,392.0,102.0,0.01543344591054825,1.684556658378648e-06,27568.5,3.0265816389694616e-09,1.1068641422516888e-08,-0.3789765906362545,0.31145688275310124,0.25110669267707086,0.37323491896758704,True,Mann-Whitney U
FLAIR_parietal_ed_ratio,MGMT_binary,413,113.0,300.0,0.0171083539694564,0.0104624277610865,17633.0,0.5268366203682289,0.8150833968603204,-0.040294985250737464,0.47837262536873154,0.4156910029498525,0.5393930678466076,False,Mann-Whitney U
FLAIR_parietal_en_ratio,IDH_binary,494,392.0,102.0,0.0003753190080864,0.0,28504.5,8.229641689951561e-13,4.187818805540772e-12,-0.4257953181272509,0.28745992146858745,0.24947228891556622,0.32955619747899156,True,Mann-Whitney U
FLAIR_parietal_en_ratio,MGMT_binary,413,113.0,300.0,0.0,0.00014643724837,16606.5,0.7376252259433373,0.9516011233252658,0.020265486725663716,0.5091880825958702,0.4511283185840709,0.5655873893805309,False,Mann-Whitney U
FLAIR_parietal_nc_ratio,IDH_binary,494,392.0,102.0,0.0,0.0,27826.0,4.088313631934159e-12,1.7443471496252414e-11,-0.3918567426970788,0.30461433323329334,0.2709033613445378,0.3435299119647859,True,Mann-Whitney U
FLAIR_parietal_nc_ratio,MGMT_binary,413,113.0,300.0,0.0,0.0,16724.0,0.8176791370410992,0.9722832539660166,0.013333333333333334,0.505783790560472,0.4481404867256637,0.5610737463126844,False,Mann-Whitney U
FLAIR_occipital_ed_ratio,IDH_binary,494,392.0,102.0,0.00047258902487455005,0.0,25789.0,1.549676195204375e-06,4.407967844136889e-06,-0.28996598639455784,0.3542767356942777,0.29960515456182474,0.40801883253301324,True,Mann-Whitney U
FLAIR_occipital_ed_ratio,MGMT_binary,413,113.0,300.0,0.0006917403965234,0.00015395840177974998,17378.0,0.6781187616354822,0.938262962394605,-0.025250737463126845,0.48631629793510317,0.43111688790560465,0.5432817109144542,False,Mann-Whitney U
FLAIR_occipital_en_ratio,IDH_binary,494,392.0,102.0,0.0,0.0,25953.5,4.419755355509427e-09,1.4887596986979123e-08,-0.2981942777110844,0.3514236444577831,0.3238945578231293,0.3812056072428972,True,Mann-Whitney U
FLAIR_occipital_en_ratio,MGMT_binary,413,113.0,300.0,0.0,0.0,17664.0,0.42307371874637,0.6942748205068636,-0.04212389380530973,0.477831814159292,0.425233407079646,0.529087389380531,False,Mann-Whitney U
FLAIR_occipital_nc_ratio,IDH_binary,494,392.0,102.0,0.0,0.0,24845.5,1.7363348221385756e-07,5.420752615457016e-07,-0.24277210884353742,0.3790381277511004,0.3533650960384154,0.40647071328531414,True,Mann-Whitney U
FLAIR_occipital_nc_ratio,MGMT_binary,413,113.0,300.0,0.0,0.0,17666.5,0.38004914056578176,0.6669744892304595,-0.042271386430678466,0.4779706194690265,0.42768215339233034,0.5280018436578171,False,Mann-Whitney U
T1_global_nc_en_ratio,WHO_grade,494,,,,,190.47958633011896,1.3076514898782087e-53,1.673793907044107e-52,0.6191320787006451,,,,True,Spearman / Kruskal-Wallis
T1_global_ed_en_ratio,WHO_grade,494,,,,,85.98955516598252,2.727192626023184e-20,6.233583145195849e-20,0.3988906733201376,,,,True,Spearman / Kruskal-Wallis
T1_global_ed_total_ratio,WHO_grade,494,,,,,199.30716673246803,3.6933956790458966e-57,5.9094330864734345e-56,-0.6351475616480965,,,,True,Spearman / Kruskal-Wallis
T1_tumor_burden_index,WHO_grade,494,,,,,39.61034166488457,1.104063532990525e-09,1.723416246619356e-09,0.2697485549518946,,,,True,Spearman / Kruskal-Wallis
T1_frontal_ed_ratio,WHO_grade,494,,,,,2.002896081884773,0.7788197386836696,0.7941875327802674,-0.012667958877019622,,,,False,Spearman / Kruskal-Wallis
T1_frontal_en_ratio,WHO_grade,494,,,,,150.14346773550085,1.0220003043788157e-40,5.45066829002035e-40,0.5518598189530823,,,,True,Spearman / Kruskal-Wallis
T1_frontal_nc_ratio,WHO_grade,494,,,,,131.24674392668652,1.0551799465092164e-34,4.220719786036866e-34,0.5142831527887611,,,,True,Spearman / Kruskal-Wallis
T1_temporal_ed_ratio,WHO_grade,494,,,,,1.9739060791923086,0.38059609473750644,0.4125160544642038,0.039533757408296046,,,,False,Spearman / Kruskal-Wallis
T1_temporal_en_ratio,WHO_grade,494,,,,,117.03941290348472,8.34607852163434e-31,2.6707451269229886e-30,0.48715519737992474,,,,True,Spearman / Kruskal-Wallis
T1_temporal_nc_ratio,WHO_grade,494,,,,,95.90610792784668,2.566976466474362e-24,6.845270577264966e-24,0.435808667677903,,,,True,Spearman / Kruskal-Wallis
T1_parietal_ed_ratio,WHO_grade,494,,,,,35.563156539659566,2.384941061191388e-09,3.3919161759166406e-09,0.26443923674039366,,,,True,Spearman / Kruskal-Wallis
T1_parietal_en_ratio,WHO_grade,494,,,,,68.6646832274426,1.0436553336103891e-17,2.0873106672207782e-17,0.3725189641817071,,,,True,Spearman / Kruskal-Wallis
T1_parietal_nc_ratio,WHO_grade,494,,,,,58.817059474508326,2.7496910783551865e-15,4.888339694853665e-15,0.3453930877324524,,,,True,Spearman / Kruskal-Wallis
T1_occipital_ed_ratio,WHO_grade,494,,,,,24.22686961235563,6.641360250509788e-07,8.019755774200499e-07,0.2214591071499298,,,,True,Spearman / Kruskal-Wallis
T1_occipital_en_ratio,WHO_grade,494,,,,,36.134149730186174,9.86161825429699e-10,1.5778589206875185e-09,0.2705173983397056,,,,True,Spearman / Kruskal-Wallis
T1_occipital_nc_ratio,WHO_grade,494,,,,,29.016763911604055,6.458565103613213e-08,7.949003204447032e-08,0.24024778722976772,,,,True,Spearman / Kruskal-Wallis
T1GD_global_nc_en_ratio,WHO_grade,494,,,,,190.47958633011896,1.3076514898782087e-53,1.3948282558700893e-52,0.6191320787006451,,,,True,Spearman / Kruskal-Wallis
T1GD_global_ed_en_ratio,WHO_grade,494,,,,,85.98955516598252,2.727192626023184e-20,6.464456595017917e-20,0.3988906733201376,,,,True,Spearman / Kruskal-Wallis
T1GD_global_ed_total_ratio,WHO_grade,494,,,,,199.30716673246803,3.6933956790458966e-57,7.879244115297913e-56,-0.6351475616480965,,,,True,Spearman / Kruskal-Wallis
T1GD_tumor_burden_index,WHO_grade,494,,,,,38.89427291584252,1.5937323676195953e-09,2.34193757478438e-09,0.26723254637719085,,,,True,Spearman / Kruskal-Wallis
T1GD_frontal_ed_ratio,WHO_grade,494,,,,,2.1992608247960512,0.7602197162748816,0.7813780564451018,-0.013765471238226747,,,,False,Spearman / Kruskal-Wallis
T1GD_frontal_en_ratio,WHO_grade,494,,,,,152.38680926182872,2.0202215844828725e-41,1.3966370744522795e-40,0.5559646276102653,,,,True,Spearman / Kruskal-Wallis
T1GD_frontal_nc_ratio,WHO_grade,494,,,,,133.91236253680563,1.7540564384865968e-35,8.440791136531728e-35,0.5194261224988921,,,,True,Spearman / Kruskal-Wallis
T1GD_temporal_ed_ratio,WHO_grade,494,,,,,1.9242804252701156,0.38673380106019106,0.4273359660210599,0.039027227068511146,,,,False,Spearman / Kruskal-Wallis
T1GD_temporal_en_ratio,WHO_grade,494,,,,,118.55688499757419,3.074496103931235e-31,1.0356197402715739e-30,0.49029637119804276,,,,True,Spearman / Kruskal-Wallis
T1GD_temporal_nc_ratio,WHO_grade,494,,,,,97.8019165539411,8.04718697116445e-25,2.2392172441501078e-24,0.4401231492681638,,,,True,Spearman / Kruskal-Wallis
T1GD_parietal_ed_ratio,WHO_grade,494,,,,,34.85358334893121,3.2923437130929826e-09,4.434119031388076e-09,0.2621813749342056,,,,True,Spearman / Kruskal-Wallis
T1GD_parietal_en_ratio,WHO_grade,494,,,,,69.49578119190959,6.305026075509427e-18,1.3113949885731232e-17,0.3748489555966856,,,,True,Spearman / Kruskal-Wallis
T1GD_parietal_nc_ratio,WHO_grade,494,,,,,59.37184232394405,2.0000442311615197e-15,3.878873660434463e-15,0.3470144725575575,,,,True,Spearman / Kruskal-Wallis
T1GD_occipital_ed_ratio,WHO_grade,494,,,,,22.791729153695055,1.4384747796388913e-06,1.6439711767301616e-06,0.2148508613089251,,,,True,Spearman / Kruskal-Wallis
T1GD_occipital_en_ratio,WHO_grade,494,,,,,39.7495616884872,1.3511488347889784e-10,2.275619090170911e-10,0.28367092811497036,,,,True,Spearman / Kruskal-Wallis
T1GD_occipital_nc_ratio,WHO_grade,494,,,,,30.115312475966373,3.568464942941972e-08,4.660852170373188e-08,0.24478860708281316,,,,True,Spearman / Kruskal-Wallis
T2_global_nc_en_ratio,WHO_grade,494,,,,,190.47958633011896,1.3076514898782087e-53,1.046121191902567e-52,0.6191320787006451,,,,True,Spearman / Kruskal-Wallis
T2_global_ed_en_ratio,WHO_grade,494,,,,,85.98955516598252,2.727192626023184e-20,6.98161312261935e-20,0.3988906733201376,,,,True,Spearman / Kruskal-Wallis
T2_global_ed_total_ratio,WHO_grade,494,,,,,199.30716673246803,3.6933956790458966e-57,2.3637732345893738e-55,-0.6351475616480965,,,,True,Spearman / Kruskal-Wallis
T2_tumor_burden_index,WHO_grade,494,,,,,38.87720052201553,1.6100820826642611e-09,2.4285445601822403e-09,0.2671622159802283,,,,True,Spearman / Kruskal-Wallis
T2_frontal_ed_ratio,WHO_grade,494,,,,,2.194231433533352,0.7569599921811924,0.7722866958982925,-0.013958635615863127,,,,False,Spearman / Kruskal-Wallis
T2_frontal_en_ratio,WHO_grade,494,,,,,152.42573293217382,1.9640208859485182e-41,1.2569733670070517e-40,0.5560355632030999,,,,True,Spearman / Kruskal-Wallis
T2_frontal_nc_ratio,WHO_grade,494,,,,,133.949051553349,1.7145356996080074e-35,7.483974137542813e-35,0.5194908780611937,,,,True,Spearman / Kruskal-Wallis
T2_temporal_ed_ratio,WHO_grade,494,,,,,1.9398097380385504,0.38191108777209315,0.4214191313347235,0.03942481654675441,,,,False,Spearman / Kruskal-Wallis
T2_temporal_en_ratio,WHO_grade,494,,,,,118.74187762237243,2.724978726331734e-31,1.0258743440307705e-30,0.49067376779519145,,,,True,Spearman / Kruskal-Wallis
T2_temporal_nc_ratio,WHO_grade,494,,,,,98.4602721153918,5.363542314507893e-25,1.5603032187659325e-24,0.4416176390402898,,,,True,Spearman / Kruskal-Wallis
T2_parietal_ed_ratio,WHO_grade,494,,,,,34.83605813261523,3.325589273541057e-09,4.528461989502716e-09,0.2621106742082225,,,,True,Spearman / Kruskal-Wallis
T2_parietal_en_ratio,WHO_grade,494,,,,,69.4840582036823,6.352069475901066e-18,1.391454030457253e-17,0.3748147245778008,,,,True,Spearman / Kruskal-Wallis
T2_parietal_nc_ratio,WHO_grade,494,,,,,59.37184232394405,2.0000442311615197e-15,3.764789141009919e-15,0.3470144725575575,,,,True,Spearman / Kruskal-Wallis
T2_occipital_ed_ratio,WHO_grade,494,,,,,23.120761209094667,1.2013886337313263e-06,1.3979795010691798e-06,0.21640937677557207,,,,True,Spearman / Kruskal-Wallis
T2_occipital_en_ratio,WHO_grade,494,,,,,39.7495616884872,1.3511488347889784e-10,2.217269882730631e-10,0.28367092811497036,,,,True,Spearman / Kruskal-Wallis
T2_occipital_nc_ratio,WHO_grade,494,,,,,30.115312475966373,3.568464942941972e-08,4.567635126965724e-08,0.24478860708281316,,,,True,Spearman / Kruskal-Wallis
FLAIR_global_nc_en_ratio,WHO_grade,494,,,,,190.47958633011896,1.3076514898782087e-53,1.1955670764600766e-52,0.6191320787006451,,,,True,Spearman / Kruskal-Wallis
FLAIR_global_ed_en_ratio,WHO_grade,494,,,,,85.98955516598252,2.727192626023184e-20,6.713089540980145e-20,0.3988906733201376,,,,True,Spearman / Kruskal-Wallis
FLAIR_global_ed_total_ratio,WHO_grade,494,,,,,199.30716673246803,3.6933956790458966e-57,1.1818866172946869e-55,-0.6351475616480965,,,,True,Spearman / Kruskal-Wallis
FLAIR_tumor_burden_index,WHO_grade,494,,,,,38.87720052201553,1.6100820826642611e-09,2.396401239314249e-09,0.2671622159802283,,,,True,Spearman / Kruskal-Wallis
FLAIR_frontal_ed_ratio,WHO_grade,494,,,,,2.194231433533352,0.7569599921811924,0.7788197386836696,-0.013958635615863127,,,,False,Spearman / Kruskal-Wallis
FLAIR_frontal_en_ratio,WHO_grade,494,,,,,152.42573293217382,1.9640208859485182e-41,1.1754016491536712e-40,0.5560355632030999,,,,True,Spearman / Kruskal-Wallis
FLAIR_frontal_nc_ratio,WHO_grade,494,,,,,133.949051553349,1.7145356996080074e-35,7.837877483922319e-35,0.5194908780611937,,,,True,Spearman / Kruskal-Wallis
FLAIR_temporal_ed_ratio,WHO_grade,494,,,,,1.9398097380385504,0.38191108777209315,0.414276434193457,0.03942481654675441,,,,False,Spearman / Kruskal-Wallis
FLAIR_temporal_en_ratio,WHO_grade,494,,,,,118.74187762237243,2.724978726331734e-31,9.688813249179498e-31,0.49067376779519145,,,,True,Spearman / Kruskal-Wallis
FLAIR_temporal_nc_ratio,WHO_grade,494,,,,,98.4602721153918,5.363542314507893e-25,1.6346033720405007e-24,0.4416176390402898,,,,True,Spearman / Kruskal-Wallis
FLAIR_parietal_ed_ratio,WHO_grade,494,,,,,34.83605813261523,3.325589273541057e-09,4.580652122564149e-09,0.2621106742082225,,,,True,Spearman / Kruskal-Wallis
FLAIR_parietal_en_ratio,WHO_grade,494,,,,,69.4840582036823,6.352069475901066e-18,1.355108154858894e-17,0.3748147245778008,,,,True,Spearman / Kruskal-Wallis
FLAIR_parietal_nc_ratio,WHO_grade,494,,,,,59.37184232394405,2.0000442311615197e-15,3.657223736981065e-15,0.3470144725575575,,,,True,Spearman / Kruskal-Wallis
FLAIR_occipital_ed_ratio,WHO_grade,494,,,,,23.120761209094667,1.2013886337313263e-06,1.4238680103482386e-06,0.21640937677557207,,,,True,Spearman / Kruskal-Wallis
FLAIR_occipital_en_ratio,WHO_grade,494,,,,,39.7495616884872,1.3511488347889784e-10,2.337122308824179e-10,0.28367092811497036,,,,True,Spearman / Kruskal-Wallis
FLAIR_occipital_nc_ratio,WHO_grade,494,,,,,30.115312475966373,3.568464942941972e-08,4.4780736538879646e-08,0.24478860708281316,,,,True,Spearman / Kruskal-Wallis
