threshold,treat_none,treat_all_mean,treat_all_ci_lower,treat_all_ci_upper,Spatial Only_mean,Spatial Only_ci_lower,Spatial Only_ci_upper,Clinical Only_mean,Clinical Only_ci_lower,Clinical Only_ci_upper,Combined_mean,Combined_ci_lower,Combined_ci_upper
0.01,0.0,0.439057,0.336802,0.540863,0.439057,0.336802,0.540863,0.439057,0.336802,0.540863,0.439057,0.336802,0.540863
0.02,0.0,0.433333,0.330035,0.536178,0.433333,0.330035,0.536178,0.433333,0.330035,0.536178,0.433333,0.330035,0.536178
0.03,0.0,0.427491,0.323128,0.531396,0.427491,0.323128,0.531396,0.427491,0.323128,0.531396,0.427491,0.323128,0.531396
0.04,0.0,0.421528,0.316077,0.526515,0.421528,0.316077,0.526515,0.421528,0.316077,0.526515,0.421528,0.316077,0.526515
0.05,0.0,0.415439,0.308878,0.521531,0.415439,0.308878,0.521531,0.415439,0.308878,0.521531,0.415439,0.308878,0.521531
0.06,0.0,0.40922,0.301526,0.516441,0.40922,0.301526,0.516441,0.40922,0.301526,0.516441,0.40922,0.301526,0.516441
0.07,0.0,0.402867,0.294015,0.511241,0.402867,0.294015,0.511241,0.402867,0.294015,0.511241,0.402867,0.294015,0.511241
0.08,0.0,0.396377,0.286342,0.505929,0.396377,0.286342,0.505929,0.396377,0.286342,0.505929,0.396377,0.286342,0.505929
0.09,0.0,0.389744,0.278499,0.5005,0.389744,0.278499,0.5005,0.389744,0.278499,0.5005,0.389744,0.278499,0.5005
0.1,0.0,0.382963,0.270483,0.494949,0.382963,0.270483,0.494949,0.382963,0.270483,0.494949,0.382963,0.270483,0.494949
0.11,0.0,0.37603,0.262286,0.489275,0.37603,0.262286,0.489275,0.37603,0.262286,0.489275,0.37603,0.262286,0.489275
0.12,0.0,0.368939,0.253903,0.483471,0.368939,0.253903,0.483471,0.368939,0.253903,0.483471,0.368939,0.253903,0.483471
0.13,0.0,0.361686,0.245327,0.477534,0.361686,0.245327,0.477534,0.361686,0.245327,0.477534,0.363224,0.248346,0.479043
0.14,0.0,0.354264,0.236552,0.471459,0.354264,0.236552,0.471459,0.354264,0.236552,0.471459,0.357602,0.241485,0.474747
0.15,0.0,0.346667,0.22757,0.465241,0.346667,0.22757,0.465241,0.346667,0.22757,0.465241,0.350286,0.232917,0.468806
0.16,0.0,0.338889,0.218374,0.458874,0.338889,0.218374,0.458874,0.338889,0.218374,0.458874,0.346663,0.229918,0.46657
0.17,0.0,0.330924,0.208957,0.452355,0.330924,0.208957,0.452355,0.330924,0.208957,0.452355,0.331168,0.215124,0.448704
0.18,0.0,0.322764,0.19931,0.445676,0.322764,0.19931,0.445676,0.322764,0.19931,0.445676,0.323753,0.205956,0.443213
0.19,0.0,0.314403,0.189425,0.438833,0.314403,0.189425,0.438833,0.314403,0.189425,0.438833,0.316156,0.196533,0.437586
0.2,0.0,0.305833,0.179293,0.431818,0.305833,0.179293,0.431818,0.305833,0.179293,0.431818,0.313476,0.194444,0.434343
0.21,0.0,0.297046,0.168904,0.424626,0.297046,0.168904,0.424626,0.297046,0.168904,0.424626,0.305815,0.185015,0.42859
0.22,0.0,0.288034,0.158249,0.417249,0.288034,0.158249,0.417249,0.288034,0.158249,0.417249,0.297956,0.175343,0.422688
0.23,0.0,0.278788,0.147317,0.409681,0.278788,0.147317,0.409681,0.278788,0.147317,0.409681,0.289894,0.16542,0.416634
0.24,0.0,0.269298,0.136098,0.401914,0.269298,0.136098,0.401914,0.269298,0.136098,0.401914,0.288013,0.161603,0.414155
0.25,0.0,0.259556,0.124579,0.393939,0.259556,0.124579,0.393939,0.259556,0.124579,0.393939,0.2733,0.148148,0.400673
0.26,0.0,0.24955,0.112749,0.385749,0.25305,0.119847,0.389298,0.24955,0.112749,0.385749,0.26545,0.139776,0.390936
0.27,0.0,0.239269,0.100595,0.377335,0.242954,0.108067,0.381071,0.246878,0.114366,0.384807,0.244938,0.119967,0.372769
0.28,0.0,0.228704,0.088103,0.368687,0.22263,0.085859,0.362514,0.238384,0.105499,0.374299,0.237263,0.11055,0.367003
0.29,0.0,0.21784,0.07526,0.359795,0.211962,0.07341,0.35382,0.228518,0.094039,0.366208,0.233547,0.10727,0.364775
0.3,0.0,0.206667,0.062049,0.350649,0.200988,0.060606,0.344877,0.218369,0.082251,0.3579,0.23433,0.108189,0.363636
0.31,0.0,0.195169,0.048456,0.341238,0.189697,0.047431,0.335676,0.207927,0.070122,0.349316,0.231138,0.104377,0.362319
0.32,0.0,0.183333,0.034462,0.331551,0.182856,0.039216,0.326307,0.211408,0.071895,0.354144,0.228157,0.098633,0.36068
0.33,0.0,0.171144,0.020051,0.321574,0.176136,0.030002,0.326248,0.205945,0.064677,0.351127,0.220416,0.0891,0.355348
0.34,0.0,0.158586,0.005204,0.311295,0.164264,0.016215,0.316498,0.200665,0.057545,0.34772,0.207455,0.078972,0.339455
0.35,0.0,0.145641,-0.010101,0.300699,0.152026,0.002312,0.306138,0.19603,0.051282,0.339569,0.194592,0.065268,0.325602
0.36,0.0,0.132292,-0.025884,0.289773,0.12147,-0.022143,0.268939,0.19159,0.046054,0.337784,0.203742,0.075758,0.336506
0.37,0.0,0.118519,-0.042168,0.278499,0.139425,-0.003688,0.283149,0.177048,0.030784,0.325317,0.196244,0.066362,0.330608
0.38,0.0,0.104301,-0.058977,0.266862,0.141758,0.004888,0.283521,0.166714,0.018247,0.317041,0.200999,0.07166,0.334001
0.39,0.0,0.089617,-0.076337,0.254844,0.144932,0.00712,0.285809,0.145948,-0.00414,0.295579,0.17603,0.048675,0.305183
0.4,0.0,0.074444,-0.094276,0.242424,0.176047,0.043771,0.313131,0.141794,-0.010101,0.292929,0.17242,0.047138,0.30303
0.41,0.0,0.058757,-0.112823,0.229584,0.144981,0.010786,0.276836,0.120572,-0.030817,0.274268,0.155207,0.028741,0.284712
0.42,0.0,0.042529,-0.13201,0.216301,0.128206,-0.001062,0.255669,0.123715,-0.02891,0.275514,0.152583,0.027517,0.280399
0.43,0.0,0.025731,-0.15187,0.202552,0.111337,-0.006202,0.231792,0.13518,-0.014531,0.286731,0.153487,0.026582,0.282119
0.44,0.0,0.008333,-0.172439,0.188312,0.12873,0.015152,0.246032,0.122302,-0.028896,0.276335,0.146855,0.018038,0.277056
0.45,0.0,-0.009697,-0.193756,0.173554,0.092765,-0.019307,0.209366,0.143049,-0.003696,0.291116,0.109547,-0.014692,0.237833
0.46,0.0,-0.028395,-0.215862,0.158249,0.085529,-0.026188,0.201272,0.139108,-0.004153,0.285447,0.072344,-0.050879,0.197157
0.47,0.0,-0.047799,-0.238803,0.142367,0.086793,-0.017562,0.194397,0.154645,0.021889,0.291052,0.072589,-0.051077,0.197827
0.48,0.0,-0.067949,-0.262626,0.125874,0.061791,-0.039627,0.167832,0.190754,0.073038,0.309246,0.084378,-0.034965,0.208256
0.49,0.0,-0.088889,-0.287384,0.108734,0.066497,-0.034858,0.174094,0.144906,0.043969,0.245593,0.087115,-0.031689,0.206378
0.5,0.0,-0.110667,-0.313131,0.090909,0.031586,-0.070707,0.131313,0.121261,0.020202,0.222222,0.091305,-0.030303,0.212121
0.51,0.0,-0.133333,-0.33993,0.072356,0.027353,-0.065553,0.119975,0.130149,0.048444,0.212121,0.076263,-0.037312,0.19028
0.52,0.0,-0.156944,-0.367845,0.05303,0.004409,-0.079987,0.087563,0.080214,0.018519,0.141414,0.07112,-0.044613,0.188573
0.53,0.0,-0.18156,-0.396948,0.032882,-0.008302,-0.086181,0.068128,0.059554,0.006233,0.119923,0.088502,-0.020664,0.201805
0.54,0.0,-0.207246,-0.427317,0.011858,-0.02013,-0.091787,0.048748,0.048944,-0.003513,0.10101,0.087062,-0.018006,0.193237
0.55,0.0,-0.234074,-0.459035,-0.010101,-0.043313,-0.113356,0.021324,0.051042,0.010101,0.10101,0.095768,-0.008979,0.198653
0.56,0.0,-0.262121,-0.492195,-0.033058,-0.043611,-0.108356,0.017447,0.051042,0.010101,0.10101,0.094706,-0.004591,0.195592
0.57,0.0,-0.291473,-0.526897,-0.057082,-0.006322,-0.056848,0.040404,0.010313,0.0,0.030303,0.107585,0.01386,0.198732
0.58,0.0,-0.322222,-0.563252,-0.082251,-0.007421,-0.059644,0.040404,0.0,0.0,0.0,0.095398,0.000962,0.188071
0.59,0.0,-0.354472,-0.60138,-0.108647,-0.018547,-0.072678,0.020202,0.0,0.0,0.0,0.093048,-0.001971,0.187485
0.6,0.0,-0.388333,-0.641414,-0.136364,-0.004785,-0.045455,0.030303,0.0,0.0,0.0,0.070174,-0.025253,0.161616
0.61,0.0,-0.423932,-0.683502,-0.165501,0.010018,0.0,0.030303,0.0,0.0,0.0,0.047579,-0.045584,0.135716
0.62,0.0,-0.461404,-0.727804,-0.196172,0.010018,0.0,0.030303,0.0,0.0,0.0,0.034875,-0.057416,0.124934
0.63,0.0,-0.500901,-0.774502,-0.228501,0.010018,0.0,0.030303,0.0,0.0,0.0,0.039483,-0.045591,0.121212
0.64,0.0,-0.542593,-0.823793,-0.262626,0.010018,0.0,0.030303,0.0,0.0,0.0,0.017114,-0.065152,0.095398
0.65,0.0,-0.586667,-0.875902,-0.298701,0.010018,0.0,0.030303,0.0,0.0,0.0,0.033316,-0.04329,0.103896
0.66,0.0,-0.633333,-0.931075,-0.336898,0.010018,0.0,0.030303,0.0,0.0,0.0,0.031628,-0.047534,0.102198
0.67,0.0,-0.682828,-0.989593,-0.37741,0.010018,0.0,0.030303,0.0,0.0,0.0,0.019965,-0.06183,0.090909
0.68,0.0,-0.735417,-1.051768,-0.420455,0.010018,0.0,0.030303,0.0,0.0,0.0,-0.012054,-0.087121,0.050505
0.69,0.0,-0.791398,-1.117954,-0.466276,0.0,0.0,0.0,0.0,0.0,0.0,-0.001763,-0.057348,0.040404
0.7,0.0,-0.851111,-1.188552,-0.515152,0.0,0.0,0.0,0.0,0.0,0.0,-0.002836,-0.060606,0.040404
0.71,0.0,-0.914943,-1.26402,-0.567398,0.0,0.0,0.0,0.0,0.0,0.0,0.020455,0.0,0.050505
0.72,0.0,-0.983333,-1.344877,-0.623377,0.0,0.0,0.0,0.0,0.0,0.0,0.020455,0.0,0.050505
0.73,0.0,-1.05679,-1.431725,-0.683502,0.0,0.0,0.0,0.0,0.0,0.0,0.020455,0.0,0.050505
0.74,0.0,-1.135897,-1.525253,-0.748252,0.0,0.0,0.0,0.0,0.0,0.0,0.010117,0.0,0.030303
0.75,0.0,-1.221333,-1.626263,-0.818182,0.0,0.0,0.0,0.0,0.0,0.0,0.010117,0.0,0.030303
0.76,0.0,-1.313889,-1.73569,-0.893939,0.0,0.0,0.0,0.0,0.0,0.0,0.010117,0.0,0.030303
0.77,0.0,-1.414493,-1.854633,-0.976285,0.0,0.0,0.0,0.0,0.0,0.0,0.010117,0.0,0.030303
0.78,0.0,-1.524242,-1.984389,-1.066116,0.0,0.0,0.0,0.0,0.0,0.0,0.010117,0.0,0.030303
0.79,0.0,-1.644444,-2.126503,-1.164502,0.0,0.0,0.0,0.0,0.0,0.0,0.010117,0.0,0.030303
0.8,0.0,-1.776667,-2.282828,-1.272727,0.0,0.0,0.0,0.0,0.0,0.0,0.010117,0.0,0.030303
0.81,0.0,-1.922807,-2.455609,-1.392344,0.0,0.0,0.0,0.0,0.0,0.0,0.0,0.0,0.0
0.82,0.0,-2.085185,-2.647587,-1.525253,0.0,0.0,0.0,0.0,0.0,0.0,0.0,0.0,0.0
0.83,0.0,-2.266667,-2.862151,-1.673797,0.0,0.0,0.0,0.0,0.0,0.0,0.0,0.0,0.0
0.84,0.0,-2.470833,-3.103535,-1.840909,0.0,0.0,0.0,0.0,0.0,0.0,0.0,0.0,0.0
0.85,0.0,-2.702222,-3.377104,-2.030303,0.0,0.0,0.0,0.0,0.0,0.0,0.0,0.0,0.0
0.86,0.0,-2.966667,-3.689755,-2.246753,0.0,0.0,0.0,0.0,0.0,0.0,0.0,0.0,0.0
0.87,0.0,-3.271795,-4.050505,-2.496503,0.0,0.0,0.0,0.0,0.0,0.0,0.0,0.0,0.0
0.88,0.0,-3.627778,-4.47138,-2.787879,0.0,0.0,0.0,0.0,0.0,0.0,0.0,0.0,0.0
0.89,0.0,-4.048485,-4.968779,-3.132231,0.0,0.0,0.0,0.0,0.0,0.0,0.0,0.0,0.0
0.9,0.0,-4.553333,-5.565657,-3.545455,0.0,0.0,0.0,0.0,0.0,0.0,0.0,0.0,0.0
0.91,0.0,-5.17037,-6.295174,-4.050505,0.0,0.0,0.0,0.0,0.0,0.0,0.0,0.0,0.0
0.92,0.0,-5.941667,-7.207071,-4.681818,0.0,0.0,0.0,0.0,0.0,0.0,0.0,0.0,0.0
0.93,0.0,-6.933333,-8.379509,-5.493506,0.0,0.0,0.0,0.0,0.0,0.0,0.0,0.0,0.0
0.94,0.0,-8.255556,-9.942761,-6.575758,0.0,0.0,0.0,0.0,0.0,0.0,0.0,0.0,0.0
0.95,0.0,-10.106667,-12.131313,-8.090909,0.0,0.0,0.0,0.0,0.0,0.0,0.0,0.0,0.0
0.96,0.0,-12.883333,-15.414141,-10.363636,0.0,0.0,0.0,0.0,0.0,0.0,0.0,0.0,0.0
0.97,0.0,-17.511111,-20.885522,-14.151515,0.0,0.0,0.0,0.0,0.0,0.0,0.0,0.0,0.0
0.98,0.0,-26.766667,-31.828283,-21.727273,0.0,0.0,0.0,0.0,0.0,0.0,0.0,0.0,0.0
0.99,0.0,-54.533333,-64.656566,-44.454545,0.0,0.0,0.0,0.0,0.0,0.0,0.0,0.0,0.0
