feature_name,modality,lobe,subregion,mean_abs_shap,std_abs_shap,cv_abs_shap,median_rank,rank_iqr,freq_top5_pct,freq_top10_pct
T1_tumor_burden_index,T1,global,tumor_burden,0.11742766631842594,0.002314197466056522,0.01970742959143176,1.0,0.0,100.0,100.0
T1_global_ed_total_ratio,T1,global,ed_total,0.11035816581250917,0.008844845451431936,0.08014672395388224,2.0,0.0,100.0,100.0
T2_tumor_burden_index,T2,global,tumor_burden,0.02975292370194198,0.000714397052068903,0.024010986591622728,3.0,0.25,100.0,100.0
T2_temporal_ed_ratio,T2,temporal,ed,0.02596450653342157,0.005772911501110504,0.22233857954048153,4.0,1.0,76.0,98.0
T1_occipital_ed_ratio,T1,occipital,ed,0.021583768206864598,0.0028927882351947112,0.1340260981061998,6.0,2.0,46.0,100.0
T1_frontal_ed_ratio,T1,frontal,ed,0.02110850904258713,0.0015000027704315684,0.07106152156010935,6.0,2.0,39.0,100.0
T2_occipital_ed_ratio,T2,occipital,ed,0.019999525961361828,0.0027796842307790575,0.13898750581135177,7.0,2.0,17.0,100.0
T2_global_ed_total_ratio,T2,global,ed_total,0.019275825355689974,0.003501973785521177,0.1816769824845627,7.5,2.0,19.0,99.0
T1_frontal_en_ratio,T1,frontal,en,0.014704734558194875,0.0020170302316689743,0.13716876178121104,10.0,1.0,0.0,78.0
T1GD_global_ed_total_ratio,T1GD,global,ed_total,0.01333208747111261,0.0011750685333322122,0.08813837562034452,10.5,1.0,0.0,50.0
T1_parietal_ed_ratio,T1,parietal,ed,0.012482145306490366,0.0008446534155463073,0.06766892988396082,11.0,1.0,0.0,22.0
T2_frontal_ed_ratio,T2,frontal,ed,0.011419346907138826,0.002025688868311242,0.1773909563115977,12.0,2.0,0.0,22.0
T2_frontal_en_ratio,T2,frontal,en,0.010428417113270612,0.006155820318213161,0.5902928748773976,13.0,5.0,3.0,30.0
T1_occipital_nc_ratio,T1,occipital,nc,0.006481612659931183,0.0024724604905625763,0.3814576125239837,14.0,2.0,0.0,0.0
T1_frontal_nc_ratio,T1,frontal,nc,0.004818054703854956,0.0033894755153705916,0.7034946101086504,15.0,3.0,0.0,1.0
T1GD_occipital_ed_ratio,T1GD,occipital,ed,0.00283497834777832,0.001190107538619434,0.41979422507832637,16.0,2.0,0.0,0.0
T1GD_frontal_en_ratio,T1GD,frontal,en,0.002427957912504674,0.0017910165485488885,0.7376637541057214,17.0,7.75,0.0,0.0
T1_temporal_ed_ratio,T1,temporal,ed,0.0021839012686014187,0.0009027599558874815,0.41337031525496276,17.0,2.0,0.0,0.0
T2_occipital_en_ratio,T2,occipital,en,0.0009086695497185008,0.0005515507247670244,0.6069871329328586,19.0,1.25,0.0,0.0
T1_occipital_en_ratio,T1,occipital,en,0.0004178149985335774,0.0005913684629983927,1.415383519198552,20.0,2.0,0.0,0.0
T2_occipital_nc_ratio,T2,occipital,nc,0.0004095224369466304,0.0005192554767184241,1.267953669620535,33.0,13.0,0.0,0.0
T1GD_parietal_ed_ratio,T1GD,parietal,ed,0.00024149623998999593,0.00048776001688941934,2.0197416610280348,43.0,0.0,0.0,0.0
T2_frontal_nc_ratio,T2,frontal,nc,0.00017549732020497318,0.00034852512651805886,1.9859284809078384,25.0,0.0,0.0,0.0
T1GD_temporal_ed_ratio,T1GD,temporal,ed,7.267240092158323e-05,9.68859842840539e-05,1.3331881574767044,41.0,20.0,0.0,0.0
T1_parietal_nc_ratio,T1,parietal,nc,0.0,0.0,,23.0,0.25,0.0,0.0
T2_global_nc_en_ratio,T2,global,nc_en,0.0,0.0,,26.0,0.0,0.0,0.0
T2_global_ed_en_ratio,T2,global,ed_en,0.0,0.0,,27.0,5.0,0.0,0.0
T1_temporal_en_ratio,T1,temporal,en,0.0,0.0,,24.0,3.0,0.0,0.0
T1_global_nc_en_ratio,T1,global,nc_en,0.0,0.0,,29.0,9.0,0.0,0.0
T1_global_ed_en_ratio,T1,global,ed_en,0.0,0.0,,30.0,0.0,0.0,0.0
T1_temporal_nc_ratio,T1,temporal,nc,0.0,0.0,,31.0,8.0,0.0,0.0
T1_parietal_en_ratio,T1,parietal,en,0.0,0.0,,30.0,8.0,0.0,0.0
T2_parietal_nc_ratio,T2,parietal,nc,0.0,0.0,,34.0,1.0,0.0,0.0
T2_temporal_nc_ratio,T2,temporal,nc,0.0,0.0,,28.0,6.0,0.0,0.0
T2_parietal_ed_ratio,T2,parietal,ed,0.0,0.0,,35.0,0.0,0.0,0.0
T2_parietal_en_ratio,T2,parietal,en,0.0,0.0,,29.0,7.0,0.0,0.0
T2_temporal_en_ratio,T2,temporal,en,0.0,0.0,,27.0,1.0,0.0,0.0
T1GD_global_ed_en_ratio,T1GD,global,ed_en,0.0,0.0,,36.0,2.0,0.0,0.0
T1GD_tumor_burden_index,T1GD,global,tumor_burden,0.0,0.0,,37.0,0.0,0.0,0.0
T1GD_global_nc_en_ratio,T1GD,global,nc_en,0.0,0.0,,40.0,0.0,0.0,0.0
T1GD_frontal_nc_ratio,T1GD,frontal,nc,0.0,0.0,,41.0,2.0,0.0,0.0
T1GD_frontal_ed_ratio,T1GD,frontal,ed,0.0,0.0,,38.0,1.0,0.0,0.0
T1GD_temporal_nc_ratio,T1GD,temporal,nc,0.0,0.0,,44.0,0.0,0.0,0.0
T1GD_temporal_en_ratio,T1GD,temporal,en,0.0,0.0,,42.0,0.0,0.0,0.0
T1GD_parietal_en_ratio,T1GD,parietal,en,0.0,0.0,,45.0,0.0,0.0,0.0
T1GD_parietal_nc_ratio,T1GD,parietal,nc,0.0,0.0,,46.0,0.0,0.0,0.0
T1GD_occipital_en_ratio,T1GD,occipital,en,0.0,0.0,,47.0,0.0,0.0,0.0
T1GD_occipital_nc_ratio,T1GD,occipital,nc,0.0,0.0,,48.0,0.0,0.0,0.0
FLAIR_global_nc_en_ratio,FLAIR,global,nc_en,0.0,0.0,,49.0,0.0,0.0,0.0
FLAIR_global_ed_en_ratio,FLAIR,global,ed_en,0.0,0.0,,50.0,0.0,0.0,0.0
FLAIR_global_ed_total_ratio,FLAIR,global,ed_total,0.0,0.0,,51.0,0.0,0.0,0.0
FLAIR_tumor_burden_index,FLAIR,global,tumor_burden,0.0,0.0,,52.0,0.0,0.0,0.0
FLAIR_frontal_ed_ratio,FLAIR,frontal,ed,0.0,0.0,,53.0,0.0,0.0,0.0
FLAIR_frontal_en_ratio,FLAIR,frontal,en,0.0,0.0,,54.0,0.0,0.0,0.0
FLAIR_frontal_nc_ratio,FLAIR,frontal,nc,0.0,0.0,,55.0,0.0,0.0,0.0
FLAIR_temporal_ed_ratio,FLAIR,temporal,ed,0.0,0.0,,56.0,0.0,0.0,0.0
FLAIR_temporal_en_ratio,FLAIR,temporal,en,0.0,0.0,,57.0,0.0,0.0,0.0
FLAIR_temporal_nc_ratio,FLAIR,temporal,nc,0.0,0.0,,58.0,0.0,0.0,0.0
FLAIR_parietal_ed_ratio,FLAIR,parietal,ed,0.0,0.0,,59.0,0.0,0.0,0.0
FLAIR_parietal_en_ratio,FLAIR,parietal,en,0.0,0.0,,60.0,0.0,0.0,0.0
FLAIR_parietal_nc_ratio,FLAIR,parietal,nc,0.0,0.0,,61.0,0.0,0.0,0.0
FLAIR_occipital_ed_ratio,FLAIR,occipital,ed,0.0,0.0,,62.0,0.0,0.0,0.0
FLAIR_occipital_en_ratio,FLAIR,occipital,en,0.0,0.0,,63.0,0.0,0.0,0.0
FLAIR_occipital_nc_ratio,FLAIR,occipital,nc,0.0,0.0,,64.0,0.0,0.0,0.0
